row,I,year,field,experiment,pheno,K,DNA,field_note,block,nitrogen,sb,spb,Pedigree,Genotype,Treatment,Rep,quadrant,Average.cob.length
1001,JY,2019,Havelock,282+N-N,yes,45,No,,B1,+N,sb1,spb1,Ames 19311,A641,Nitrogen,1,1,10.9
1003,JY,2019,Havelock,282+N-N,yes,45,No,,B1,+N,sb1,spb1,PI 550483,B76,Nitrogen,1,1,12.76666667
1005,JY,2019,Havelock,282+N-N,yes,45,No,,B1,+N,sb1,spb1,PI 587141,A654,Nitrogen,1,1,14.96666667
1007,JY,2019,Havelock,282+N-N,yes,45,No,,B1,+N,sb1,spb1,Ames 23405,A239,Nitrogen,1,1,11.85
1009,JY,2019,Havelock,282+N-N,yes,45,No,,B1,+N,sb1,spb1,PI 587143,A682,Nitrogen,1,1,16.25
1011,JY,2019,Havelock,282+N-N,yes,45,No,,B1,+N,sb1,spb1,Ames 19313,C123,Nitrogen,1,1,
1013,JY,2019,Havelock,282+N-N,yes,45,No,,B1,+N,sb1,spb1,PI 587138,A554,Nitrogen,1,1,9.733333333
1015,JY,2019,Havelock,282+N-N,yes,45,No,,B1,+N,sb1,spb2,Ames 27111,EP1,Nitrogen,1,1,9.533333333
1017,JY,2019,Havelock,282+N-N,yes,45,No,,B1,+N,sb1,spb2,Check,Check,Nitrogen,1,1,18.68333333
1019,JY,2019,Havelock,282+N-N,yes,45,No,,B1,+N,sb1,spb2,PI 257507,F7,Nitrogen,1,1,11.31666667
1021,JY,2019,Havelock,282+N-N,yes,45,No,,B1,+N,sb1,spb2,PI 686057,I29,Nitrogen,1,1,10.58333333
1023,JY,2019,Havelock,282+N-N,yes,45,No,,B1,+N,sb1,spb2,Ames 27105,CO106,Nitrogen,1,1,12.06666667
1025,JY,2019,Havelock,282+N-N,yes,45,No,,B1,+N,sb1,spb2,Ames 24734,MS153,Nitrogen,1,1,15.55
1027,JY,2019,Havelock,282+N-N,yes,45,No,,B1,+N,sb1,spb2,Ames 20140,Mt42,Nitrogen,1,1,12.31666667
1029,JY,2019,Havelock,282+N-N,yes,45,No,,B1,+N,sb1,spb3,PI 531085,NC262,Nitrogen,1,1,12.26666667
1031,JY,2019,Havelock,282+N-N,yes,45,No,,B1,+N,sb1,spb3,PI 550566,N192,Nitrogen,1,1,14.7
1033,JY,2019,Havelock,282+N-N,yes,45,No,,B1,+N,sb1,spb3,Ames 19016,Va59,Nitrogen,1,1,14.08333333
1035,JY,2019,Havelock,282+N-N,yes,45,No,,B1,+N,sb1,spb3,Ames 27142,NC292,Nitrogen,1,1,11.275
1037,JY,2019,Havelock,282+N-N,yes,45,No,,B1,+N,sb1,spb3,PI 524969,SD44,Nitrogen,1,1,8.866666667
1039,JY,2019,Havelock,282+N-N,yes,45,No,,B1,+N,sb1,spb3,Ames 19330,W182B,Nitrogen,1,1,14.58333333
1041,JY,2019,Havelock,282+N-N,yes,45,No,,B1,+N,sb1,spb3,Check,Check,Nitrogen,1,1,19.4
1043,JY,2019,Havelock,282+N-N,yes,45,No,,B1,+N,sb2,spb1,Ames 21512,CI31A,Nitrogen,1,1,11.18333333
1045,JY,2019,Havelock,282+N-N,yes,45,No,,B1,+N,sb2,spb1,PI 606329,DE1,Nitrogen,1,1,8.1
1047,JY,2019,Havelock,282+N-N,yes,45,No,,B1,+N,sb2,spb1,Check,Check,Nitrogen,1,1,19.06666667
1049,JY,2019,Havelock,282+N-N,yes,45,No,,B1,+N,sb2,spb1,Ames 19309,A635,Nitrogen,1,1,11.25
1051,JY,2019,Havelock,282+N-N,yes,45,No,,B1,+N,sb2,spb1,Check,Check,Nitrogen,1,1,18.51666667
1053,JY,2019,Havelock,282+N-N,yes,45,No,,B1,+N,sb2,spb1,Ames 19284,C103,Nitrogen,1,1,15.65
1055,JY,2019,Havelock,282+N-N,yes,45,No,,B1,+N,sb2,spb1,Ames 27112,F2834T,Nitrogen,1,1,12.55
1057,JY,2019,Havelock,282+N-N,yes,45,No,,B1,+N,sb2,spb2,Check,Check,Nitrogen,1,1,16.75
1059,JY,2019,Havelock,282+N-N,yes,45,No,,B1,+N,sb2,spb2,Ames 27260,Ki44,Nitrogen,1,1,7.9
1061,JY,2019,Havelock,282+N-N,yes,45,No,,B1,+N,sb2,spb2,Ames 27141,NC290A,Nitrogen,1,1,11.78
1063,JY,2019,Havelock,282+N-N,yes,45,No,,B1,+N,sb2,spb2,PI 520774,NC264,Nitrogen,1,1,11.21666667
1065,JY,2019,Havelock,282+N-N,yes,45,No,,B1,+N,sb2,spb2,Check,Check,Nitrogen,1,1,17.46666667
1067,JY,2019,Havelock,282+N-N,yes,45,No,,B1,+N,sb2,spb2,Ames 27172,NC352,Nitrogen,1,1,14.83333333
1069,JY,2019,Havelock,282+N-N,yes,45,No,,B1,+N,sb2,spb2,Ames 27147,NC302,Nitrogen,1,1,11.96666667
1071,JY,2019,Havelock,282+N-N,yes,45,No,,B1,+N,sb2,spb3,NSL 30053,W22,Nitrogen,1,1,11.88
1073,JY,2019,Havelock,282+N-N,yes,45,No,,B1,+N,sb2,spb3,Check,Check,Nitrogen,1,1,15.43333333
1075,JY,2019,Havelock,282+N-N,yes,45,No,,B1,+N,sb2,spb3,Check,Check,Nitrogen,1,1,14.56666667
1077,JY,2019,Havelock,282+N-N,yes,45,No,,B1,+N,sb2,spb3,PI 587152,W64A,Nitrogen,1,1,8.1
1079,JY,2019,Havelock,282+N-N,yes,45,No,,B1,+N,sb2,spb3,Check,Check,Nitrogen,1,1,17
1081,JY,2019,Havelock,282+N-N,yes,45,No,,B1,+N,sb2,spb3,Ames 27181,NC370,Nitrogen,1,1,11
1083,JY,2019,Havelock,282+N-N,yes,45,No,,B1,+N,sb2,spb3,PI 686065,SA24,Nitrogen,1,1,14.65
1101,JY,2019,Havelock,282+N-N,yes,45,No,,B1,+N,sb1,spb1,Ames 19316,CM174,Nitrogen,1,1,13.18333333
1103,JY,2019,Havelock,282+N-N,yes,45,No,,B1,+N,sb1,spb1,PI 608774,B75,Nitrogen,1,1,12.71666667
1105,JY,2019,Havelock,282+N-N,yes,45,No,,B1,+N,sb1,spb1,Ames 22443,A188,Nitrogen,1,1,11.21666667
1107,JY,2019,Havelock,282+N-N,yes,45,No,,B1,+N,sb1,spb1,PI 594046,B103,Nitrogen,1,1,13.13333333
1109,JY,2019,Havelock,282+N-N,yes,45,No,,B1,+N,sb1,spb1,Check,Check,Nitrogen,1,1,17.6
1111,JY,2019,Havelock,282+N-N,yes,45,No,,B1,+N,sb1,spb1,PI 587139,A619,Nitrogen,1,1,10.8
1113,JY,2019,Havelock,282+N-N,yes,45,No,,B1,+N,sb1,spb1,Ames 27067,C49A,Nitrogen,1,1,11.98333333
1115,JY,2019,Havelock,282+N-N,yes,45,No,,B1,+N,sb1,spb2,Ames 27135,MEF156-55-2,Nitrogen,1,1,
1117,JY,2019,Havelock,282+N-N,yes,45,No,,B1,+N,sb1,spb2,Ames 20190,CM37,Nitrogen,1,1,11.65
1119,JY,2019,Havelock,282+N-N,yes,45,No,,B1,+N,sb1,spb2,PI 587135,Ia5125,Nitrogen,1,1,6.75
1121,JY,2019,Havelock,282+N-N,yes,45,No,,B1,+N,sb1,spb2,Ames 27104,CMV3,Nitrogen,1,1,
1123,JY,2019,Havelock,282+N-N,yes,45,No,,B1,+N,sb1,spb2,PI 686063,IDS91,Nitrogen,1,1,13.18333333
1125,JY,2019,Havelock,282+N-N,yes,45,No,,B1,+N,sb1,spb2,Ames 27107,CO255,Nitrogen,1,1,12.81666667
1127,JY,2019,Havelock,282+N-N,yes,45,No,,B1,+N,sb1,spb2,Ames 27070,CM7,Nitrogen,1,1,9.033333333
1129,JY,2019,Havelock,282+N-N,yes,45,No,,B1,+N,sb1,spb3,Ames 27154,NC316,Nitrogen,1,1,4
1131,JY,2019,Havelock,282+N-N,yes,45,No,,B1,+N,sb1,spb3,Check,Check,Nitrogen,1,1,19.38333333
1133,JY,2019,Havelock,282+N-N,yes,45,No,,B1,+N,sb1,spb3,PI 587154,W153R,Nitrogen,1,1,8.371428571
1135,JY,2019,Havelock,282+N-N,yes,45,No,,B1,+N,sb1,spb3,Ames 27162,NC332,Nitrogen,1,1,14.43333333
1137,JY,2019,Havelock,282+N-N,yes,45,No,,B1,+N,sb1,spb3,Ames 19288,Oh43,Nitrogen,1,1,16.56666667
1139,JY,2019,Havelock,282+N-N,yes,45,No,,B1,+N,sb1,spb3,Check,Check,Nitrogen,1,1,17.73333333
1141,JY,2019,Havelock,282+N-N,yes,45,No,,B1,+N,sb1,spb3,Ames 19326,R168,Nitrogen,1,1,9.233333333
1143,JY,2019,Havelock,282+N-N,yes,45,No,,B1,+N,sb2,spb1,Ames 27087,CML220,Nitrogen,1,1,12.71666667
1145,JY,2019,Havelock,282+N-N,yes,45,No,,B1,+N,sb2,spb1,PI 608766,B79,Nitrogen,1,1,11.63333333
1147,JY,2019,Havelock,282+N-N,yes,45,No,,B1,+N,sb2,spb1,PI 587131,HP301,Nitrogen,1,1,13.26
1149,JY,2019,Havelock,282+N-N,yes,45,No,,B1,+N,sb2,spb1,Ames 27120,Il677a,Nitrogen,1,1,12.66666667
1151,JY,2019,Havelock,282+N-N,yes,45,No,,B1,+N,sb2,spb1,Ames 27083,CML154Q,Nitrogen,1,1,17
1153,JY,2019,Havelock,282+N-N,yes,45,No,,B1,+N,sb2,spb1,PI 594047,B104,Nitrogen,1,1,13.86666667
1155,JY,2019,Havelock,282+N-N,yes,45,No,,B1,+N,sb2,spb1,Ames 19319,H95,Nitrogen,1,1,12.75
1157,JY,2019,Havelock,282+N-N,yes,45,No,,B1,+N,sb2,spb2,Ames 12731,NC230,Nitrogen,1,1,10.65
1159,JY,2019,Havelock,282+N-N,yes,45,No,,B1,+N,sb2,spb2,Ames 12734,NC236,Nitrogen,1,1,11.98333333
1161,JY,2019,Havelock,282+N-N,yes,45,No,,B1,+N,sb2,spb2,Ames 27137,N6,Nitrogen,1,1,13.75
1163,JY,2019,Havelock,282+N-N,yes,45,No,,B1,+N,sb2,spb2,Ames 28366,N7A,Nitrogen,1,1,12.8
1165,JY,2019,Havelock,282+N-N,yes,45,No,,B1,+N,sb2,spb2,Ames 27164,NC336,Nitrogen,1,1,13.21666667
1167,JY,2019,Havelock,282+N-N,yes,45,No,,B1,+N,sb2,spb2,Ames 27158,NC324,Nitrogen,1,1,11.26666667
1169,JY,2019,Havelock,282+N-N,yes,45,No,,B1,+N,sb2,spb2,Ames 27175,NC358,Nitrogen,1,1,13.93333333
1171,JY,2019,Havelock,282+N-N,yes,45,No,,B1,+N,sb2,spb3,Ames 27184,Pa762,Nitrogen,1,1,14.45
1173,JY,2019,Havelock,282+N-N,yes,45,No,,B1,+N,sb2,spb3,Ames 19323,Oh7B,Nitrogen,1,1,11.58
1175,JY,2019,Havelock,282+N-N,yes,45,No,,B1,+N,sb2,spb3,PI 587151,Va102,Nitrogen,1,1,16.83333333
1177,JY,2019,Havelock,282+N-N,yes,45,No,,B1,+N,sb2,spb3,Ames 8399,W117HT,Nitrogen,1,1,9.166666667
1179,JY,2019,Havelock,282+N-N,yes,45,No,,B1,+N,sb2,spb3,PI 573098,Oh603,Nitrogen,1,1,
1181,JY,2019,Havelock,282+N-N,yes,45,No,,B1,+N,sb2,spb3,Ames 27183,Oh43E,Nitrogen,1,1,11.25
1183,JY,2019,Havelock,282+N-N,yes,45,No,,B1,+N,sb2,spb3,Ames 27185,Pa875,Nitrogen,1,1,11.06666667
1201,JY,2019,Havelock,282+N-N,yes,45,No,,B1,+N,sb1,spb1,PI 607521,A661,Nitrogen,1,1,10.47142857
1203,JY,2019,Havelock,282+N-N,yes,45,No,,B1,+N,sb1,spb1,Ames 19308,A634,Nitrogen,1,1,14.95
1205,JY,2019,Havelock,282+N-N,yes,45,No,,B1,+N,sb1,spb1,PI 587124,CM105,Nitrogen,1,1,16.43333333
1207,JY,2019,Havelock,282+N-N,yes,45,No,,B1,+N,sb1,spb1,NSL 81599,A659,Nitrogen,1,1,13.51666667
1209,JY,2019,Havelock,282+N-N,yes,45,No,,B1,+N,sb1,spb1,Ames 27068,CH9,Nitrogen,1,1,11.45
1211,JY,2019,Havelock,282+N-N,yes,45,No,,B1,+N,sb1,spb1,PI 550440,B64,Nitrogen,1,1,14.88333333
1213,JY,2019,Havelock,282+N-N,yes,45,No,,B1,+N,sb1,spb1,Ames 23450,A556,Nitrogen,1,1,12.66666667
1215,JY,2019,Havelock,282+N-N,yes,45,No,,B1,+N,sb1,spb2,NSL 30867,M14,Nitrogen,1,1,15.58333333
1217,JY,2019,Havelock,282+N-N,yes,45,No,,B1,+N,sb1,spb2,Ames 28364,IA2132,Nitrogen,1,1,12.81666667
1219,JY,2019,Havelock,282+N-N,yes,45,No,,B1,+N,sb1,spb2,PI 587127,H105W,Nitrogen,1,1,12.66666667
1221,JY,2019,Havelock,282+N-N,yes,45,No,,B1,+N,sb1,spb2,PI 587129,H99,Nitrogen,1,1,14.5
1223,JY,2019,Havelock,282+N-N,yes,45,No,,B1,+N,sb1,spb2,Ames 24752,MS1334,Nitrogen,1,1,14.06666667
1225,JY,2019,Havelock,282+N-N,yes,45,No,,B1,+N,sb1,spb2,PI 583352,Mo47,Nitrogen,1,1,12.18333333
1227,JY,2019,Havelock,282+N-N,yes,45,No,,B1,+N,sb1,spb2,Ames 27106,CO125,Nitrogen,1,1,9.583333333
1229,JY,2019,Havelock,282+N-N,yes,45,No,,B1,+N,sb1,spb3,Ames 27161,NC330,Nitrogen,1,1,12.8
1231,JY,2019,Havelock,282+N-N,yes,45,No,,B1,+N,sb1,spb3,Ames 27163,NC334,Nitrogen,1,1,11.6
1233,JY,2019,Havelock,282+N-N,yes,45,No,,B1,+N,sb1,spb3,Ames 28186,P39,Nitrogen,1,1,13.225
1235,JY,2019,Havelock,282+N-N,yes,45,No,,B1,+N,sb1,spb3,Ames 27152,NC312,Nitrogen,1,1,13.83333333
1237,JY,2019,Havelock,282+N-N,yes,45,No,,B1,+N,sb1,spb3,Ames 27150,NC308,Nitrogen,1,1,12.35
1239,JY,2019,Havelock,282+N-N,yes,45,No,,B1,+N,sb1,spb3,PI 587145,NC268,Nitrogen,1,1,12.38333333
1241,JY,2019,Havelock,282+N-N,yes,45,No,,B1,+N,sb1,spb3,PI 550490,ND246,Nitrogen,1,1,13.21666667
1243,JY,2019,Havelock,282+N-N,yes,45,No,,B1,+N,sb2,spb1,Ames 27097,CML323,Nitrogen,1,1,12.55
1245,JY,2019,Havelock,282+N-N,yes,45,No,,B1,+N,sb2,spb1,Ames 26138,CI187-2,Nitrogen,1,1,16.55
1247,JY,2019,Havelock,282+N-N,yes,45,No,,B1,+N,sb2,spb1,Ames 22440,CI90C,Nitrogen,1,1,10.96666667
1249,JY,2019,Havelock,282+N-N,yes,45,No,,B1,+N,sb2,spb1,PI 594048,B105,Nitrogen,1,1,
1251,JY,2019,Havelock,282+N-N,yes,45,No,,B1,+N,sb2,spb1,Ames 22754,K55,Nitrogen,1,1,13.98333333
1253,JY,2019,Havelock,282+N-N,yes,45,No,,B1,+N,sb2,spb1,PI 550472,B57,Nitrogen,1,1,13.43333333
1255,JY,2019,Havelock,282+N-N,yes,45,No,,B1,+N,sb2,spb1,PI 587128,H84,Nitrogen,1,1,12.35
1257,JY,2019,Havelock,282+N-N,yes,45,No,,B1,+N,sb2,spb2,PI 543916,Mp339,Nitrogen,1,1,13.2
1259,JY,2019,Havelock,282+N-N,yes,45,No,,B1,+N,sb2,spb2,Ames 12732,NC232,Nitrogen,1,1,14.06666667
1261,JY,2019,Havelock,282+N-N,yes,45,No,,B1,+N,sb2,spb2,Ames 27124,Ki11,Nitrogen,1,1,15.4
1263,JY,2019,Havelock,282+N-N,yes,45,No,,B1,+N,sb2,spb2,PI 583351,Mo46,Nitrogen,1,1,12.55
1265,JY,2019,Havelock,282+N-N,yes,45,No,,B1,+N,sb2,spb2,Ames 27174,NC356,Nitrogen,1,1,9.9
1267,JY,2019,Havelock,282+N-N,yes,45,No,,B1,+N,sb2,spb2,Ames 27138,N28Ht,Nitrogen,1,1,12.6
1269,JY,2019,Havelock,282+N-N,yes,45,No,,B1,+N,sb2,spb2,PI 550555,NC250,Nitrogen,1,1,12.2
1271,JY,2019,Havelock,282+N-N,yes,45,No,,B1,+N,sb2,spb3,PI 587150,Va35,Nitrogen,1,1,18
1273,JY,2019,Havelock,282+N-N,yes,45,No,,B1,+N,sb2,spb3,Ames 27194,W401,Nitrogen,1,1,12.65
1275,JY,2019,Havelock,282+N-N,yes,45,No,,B1,+N,sb2,spb3,PI 686066,SG18,Nitrogen,1,1,13.45
1277,JY,2019,Havelock,282+N-N,yes,45,No,,B1,+N,sb2,spb3,Ames 27190,T234,Nitrogen,1,1,13.75714286
1279,JY,2019,Havelock,282+N-N,yes,45,No,,B1,+N,sb2,spb3,Ames 19000,VaW6,Nitrogen,1,1,14.5
1281,JY,2019,Havelock,282+N-N,yes,45,No,,B1,+N,sb2,spb3,NSL 53094,SC357,Nitrogen,1,1,12.28
1283,JY,2019,Havelock,282+N-N,yes,45,No,,B1,+N,sb2,spb3,Ames 27182,NC372,Nitrogen,1,1,15.51666667
1301,JY,2019,Havelock,282+N-N,yes,45,No,,B1,+N,sb3,spb1,Ames 26604,38-11,Nitrogen,1,1,13.8
1303,JY,2019,Havelock,282+N-N,yes,45,No,,B1,+N,sb3,spb1,Ames 27085,CML158Q,Nitrogen,1,1,13.71666667
1305,JY,2019,Havelock,282+N-N,yes,45,No,,B1,+N,sb3,spb1,Ames 27082,CML108,Nitrogen,1,1,13.38333333
1307,JY,2019,Havelock,282+N-N,yes,45,No,,B1,+N,sb3,spb1,Check,Check,Nitrogen,1,1,17.33333333
1309,JY,2019,Havelock,282+N-N,yes,45,No,,B1,+N,sb3,spb1,Check,Check,Nitrogen,1,1,16.03333333
1311,JY,2019,Havelock,282+N-N,yes,45,No,,B1,+N,sb3,spb1,Check,Check,Nitrogen,1,1,15.15
1313,JY,2019,Havelock,282+N-N,yes,45,No,,B1,+N,sb3,spb1,PI 595542,CML254,Nitrogen,1,1,10.05
1315,JY,2019,Havelock,282+N-N,yes,45,No,,B1,+N,sb3,spb2,Ames 27165,NC338,Nitrogen,1,1,16.58333333
1317,JY,2019,Havelock,282+N-N,yes,45,No,,B1,+N,sb3,spb2,Ames 27169,NC346,Nitrogen,1,1,11.31666667
1319,JY,2019,Havelock,282+N-N,yes,45,No,,B1,+N,sb3,spb2,Ames 27170,NC348,Nitrogen,1,1,12.45
1321,JY,2019,Havelock,282+N-N,yes,45,No,,B1,+N,sb3,spb2,Ames 27110,E2558W,Nitrogen,1,1,15.11666667
1323,JY,2019,Havelock,282+N-N,yes,45,No,,B1,+N,sb3,spb2,Check,Check,Nitrogen,1,1,16.5
1325,JY,2019,Havelock,282+N-N,yes,45,No,,B1,+N,sb3,spb2,Ames 27156,NC320,Nitrogen,1,1,11.78333333
1327,JY,2019,Havelock,282+N-N,yes,45,No,,B1,+N,sb3,spb2,PI 550558,DE811,Nitrogen,1,1,15.2
1329,JY,2019,Havelock,282+N-N,yes,45,No,,B1,+N,sb3,spb3,Ames 27129,KUI2021,Nitrogen,1,1,14.01666667
1331,JY,2019,Havelock,282+N-N,yes,45,No,,B1,+N,sb3,spb3,Check,Check,Nitrogen,1,1,17.9
1333,JY,2019,Havelock,282+N-N,yes,45,No,,B1,+N,sb3,spb3,PI 506255,Tzi25,Nitrogen,1,1,12.58333333
1335,JY,2019,Havelock,282+N-N,yes,45,No,,B1,+N,sb3,spb3,Check,Check,Nitrogen,1,1,15.98333333
1337,JY,2019,Havelock,282+N-N,yes,45,No,,B1,+N,sb3,spb3,PI 506246,Tzi8,Nitrogen,1,1,17.55
1339,JY,2019,Havelock,282+N-N,yes,45,No,,B1,+N,sb3,spb3,Ames 26808,Ill.Hy,Nitrogen,1,1,10.93333333
1341,JY,2019,Havelock,282+N-N,yes,45,No,,B1,+N,sb3,spb3,PI 587147,Pa91,Nitrogen,1,1,13.78333333
1343,JY,2019,Havelock,282+N-N,yes,45,No,,B1,+N,sb4,spb1,PI 587142,A679,Nitrogen,1,1,13.27571429
1345,JY,2019,Havelock,282+N-N,yes,45,No,,B1,+N,sb4,spb1,PI 550469,B46,Nitrogen,1,1,17.2
1347,JY,2019,Havelock,282+N-N,yes,45,No,,B1,+N,sb4,spb1,Ames 27114,H91,Nitrogen,1,1,16.48333333
1349,JY,2019,Havelock,282+N-N,yes,45,No,,B1,+N,sb4,spb1,PI 550461,B14A,Nitrogen,1,1,15.88333333
1351,JY,2019,Havelock,282+N-N,yes,45,No,,B1,+N,sb4,spb1,Ames 23503,A680,Nitrogen,1,1,15.85
1353,JY,2019,Havelock,282+N-N,yes,45,No,,B1,+N,sb4,spb1,PI 550473,B73,Nitrogen,1,1,14.2
1355,JY,2019,Havelock,282+N-N,yes,45,No,,B1,+N,sb4,spb1,NSL 30904,4226,Nitrogen,1,1,13.98333333
1357,JY,2019,Havelock,282+N-N,yes,45,No,,B1,+N,sb4,spb2,Check,Check,Nitrogen,1,1,18.75
1359,JY,2019,Havelock,282+N-N,yes,45,No,,B1,+N,sb4,spb2,Ames 27143,NC294,Nitrogen,1,1,11.61666667
1361,JY,2019,Havelock,282+N-N,yes,45,No,,B1,+N,sb4,spb2,Ames 27140,NC260,Nitrogen,1,1,14.9
1363,JY,2019,Havelock,282+N-N,yes,45,No,,B1,+N,sb4,spb2,Ames 27177,NC362,Nitrogen,1,1,14.35
1365,JY,2019,Havelock,282+N-N,yes,45,No,,B1,+N,sb4,spb2,PI 517974,Pa880,Nitrogen,1,1,12.56666667
1367,JY,2019,Havelock,282+N-N,yes,45,No,,B1,+N,sb4,spb2,NSL 30894,R177,Nitrogen,1,1,13.6
1369,JY,2019,Havelock,282+N-N,yes,45,No,,B1,+N,sb4,spb2,PI 558532,Mo17,Nitrogen,1,1,17.28333333
1371,JY,2019,Havelock,282+N-N,yes,45,No,,B1,+N,sb4,spb3,CIze 44,CI44,Nitrogen,1,1,10.08571429
1373,JY,2019,Havelock,282+N-N,yes,45,No,,B1,+N,sb4,spb3,Check,Check,Nitrogen,1,1,20.01666667
1375,JY,2019,Havelock,282+N-N,yes,45,No,,B1,+N,sb4,spb3,Ames 31536,A214NGoodman-Buckler,Nitrogen,1,1,15.38571429
1377,JY,2019,Havelock,282+N-N,yes,45,No,,B1,+N,sb4,spb3,PI 587125,CO109,Nitrogen,1,1,10.84
1379,JY,2019,Havelock,282+N-N,yes,45,No,,B1,+N,sb4,spb3,Ames 31535,38-11Goodman-Buckler,Nitrogen,1,1,16.9
1381,JY,2019,Havelock,282+N-N,yes,45,No,,B1,+N,sb4,spb3,Ames 28290,C49,Nitrogen,1,1,7.58
1383,JY,2019,Havelock,282+N-N,yes,45,No,,B1,+N,sb4,spb3,PI 550518,T8,Nitrogen,1,1,14.38333333
1401,JY,2019,Havelock,282+N-N,yes,45,No,,B1,+N,sb3,spb1,Ames 27094,CML314,Nitrogen,1,1,10.67142857
1403,JY,2019,Havelock,282+N-N,yes,45,No,,B1,+N,sb3,spb1,Check,Check,Nitrogen,1,1,17.55
1405,JY,2019,Havelock,282+N-N,yes,45,No,,B1,+N,sb3,spb1,Ames 27086,CML218,Nitrogen,1,1,12.5
1407,JY,2019,Havelock,282+N-N,yes,45,No,,B1,+N,sb3,spb1,Ames 27081,CML103,Nitrogen,1,1,13.95
1409,JY,2019,Havelock,282+N-N,yes,45,No,,B1,+N,sb3,spb1,Check,Check,Nitrogen,1,1,17.33333333
1411,JY,2019,Havelock,282+N-N,yes,45,No,,B1,+N,sb3,spb1,Ames 27091,CML261,Nitrogen,1,1,9.25
1413,JY,2019,Havelock,282+N-N,yes,45,No,,B1,+N,sb3,spb1,PI 587130,4722,Nitrogen,1,1,12.86666667
1415,JY,2019,Havelock,282+N-N,yes,45,No,,B1,+N,sb3,spb2,Ames 27134,M162W,Nitrogen,1,1,11.98333333
1417,JY,2019,Havelock,282+N-N,yes,45,No,,B1,+N,sb3,spb2,Ames 27133,M37W,Nitrogen,1,1,11.55
1419,JY,2019,Havelock,282+N-N,yes,45,No,,B1,+N,sb3,spb2,Ames 27155,NC318,Nitrogen,1,1,12.16666667
1421,JY,2019,Havelock,282+N-N,yes,45,No,,B1,+N,sb3,spb2,Ames 10248,GA209,Nitrogen,1,1,8.866666667
1423,JY,2019,Havelock,282+N-N,yes,45,No,,B1,+N,sb3,spb2,Ames 28184,CML69,Nitrogen,1,1,12.12
1425,JY,2019,Havelock,282+N-N,yes,45,No,,B1,+N,sb3,spb2,PI 531084,NC258,Nitrogen,1,1,11.9
1427,JY,2019,Havelock,282+N-N,yes,45,No,,B1,+N,sb3,spb2,NSL 22893,F44,Nitrogen,1,1,11.45
1429,JY,2019,Havelock,282+N-N,yes,45,No,,B1,+N,sb3,spb3,Ames 27189,SC55,Nitrogen,1,1,11.33333333
1431,JY,2019,Havelock,282+N-N,yes,45,No,,B1,+N,sb3,spb3,PI 257506,F2,Nitrogen,1,1,12.44
1433,JY,2019,Havelock,282+N-N,yes,45,No,,B1,+N,sb3,spb3,Ames 27119,Il101T,Nitrogen,1,1,12.35
1435,JY,2019,Havelock,282+N-N,yes,45,No,,B1,+N,sb3,spb3,PI 606330,DE2,Nitrogen,1,1,14.25
1437,JY,2019,Havelock,282+N-N,yes,45,No,,B1,+N,sb3,spb3,Ames 22763,Tx601,Nitrogen,1,1,10.9
1439,JY,2019,Havelock,282+N-N,yes,45,No,,B1,+N,sb3,spb3,Check,Check,Nitrogen,1,1,
1441,JY,2019,Havelock,282+N-N,yes,45,No,,B1,+N,sb3,spb3,PI 550522,T232,Nitrogen,1,1,11.3
1443,JY,2019,Havelock,282+N-N,yes,45,No,,B1,+N,sb4,spb1,PI 564682,B97,Nitrogen,1,1,12.11428571
1445,JY,2019,Havelock,282+N-N,yes,45,No,,B1,+N,sb4,spb1,Ames 26769,B2,Nitrogen,1,1,11.75
1447,JY,2019,Havelock,282+N-N,yes,45,No,,B1,+N,sb4,spb1,PI 608765,B77,Nitrogen,1,1,15.33333333
1449,JY,2019,Havelock,282+N-N,yes,45,No,,B1,+N,sb4,spb1,Ames 26116,CI3A,Nitrogen,1,1,7.385714286
1451,JY,2019,Havelock,282+N-N,yes,45,No,,B1,+N,sb4,spb1,PI 550467,B37,Nitrogen,1,1,15.34285714
1453,JY,2019,Havelock,282+N-N,yes,45,No,,B1,+N,sb4,spb1,Ames 19314,CI64,Nitrogen,1,1,13.2
1455,JY,2019,Havelock,282+N-N,yes,45,No,,B1,+N,sb4,spb1,PI 597927,B109,Nitrogen,1,1,13.93333333
1457,JY,2019,Havelock,282+N-N,yes,45,No,,B1,+N,sb4,spb2,Ames 27167,NC342,Nitrogen,1,1,12.2
1459,JY,2019,Havelock,282+N-N,yes,45,No,,B1,+N,sb4,spb2,NSL 65873,L317,Nitrogen,1,1,16.95
1461,JY,2019,Havelock,282+N-N,yes,45,No,,B1,+N,sb4,spb2,Ames 28939,Mo44,Nitrogen,1,1,13.11666667
1463,JY,2019,Havelock,282+N-N,yes,45,No,,B1,+N,sb4,spb2,PI 583350,Mo45,Nitrogen,1,1,18.11666667
1465,JY,2019,Havelock,282+N-N,yes,45,No,,B1,+N,sb4,spb2,Ames 27180,NC368,Nitrogen,1,1,10.33333333
1467,JY,2019,Havelock,282+N-N,yes,45,No,,B1,+N,sb4,spb2,NSL 28966,Oh40B,Nitrogen,1,1,18.86666667
1469,JY,2019,Havelock,282+N-N,yes,45,No,,B1,+N,sb4,spb2,Ames 27151,NC310,Nitrogen,1,1,12.68333333
1471,JY,2019,Havelock,282+N-N,yes,45,No,,B1,+N,sb4,spb3,Ames 19293,Wf9,Nitrogen,1,1,18.25714286
1473,JY,2019,Havelock,282+N-N,yes,45,No,,B1,+N,sb4,spb3,PI 587132,Sg1533,Nitrogen,1,1,11.81666667
1475,JY,2019,Havelock,282+N-N,yes,45,No,,B1,+N,sb4,spb3,Ames 26771,33-16,Nitrogen,1,1,14.76666667
1477,JY,2019,Havelock,282+N-N,yes,45,No,,B1,+N,sb4,spb3,PI 592734,R229,Nitrogen,1,1,12.91666667
1479,JY,2019,Havelock,282+N-N,yes,45,No,,B1,+N,sb4,spb3,Ames 27196,Yu796_NS,Nitrogen,1,1,10.36666667
1481,JY,2019,Havelock,282+N-N,yes,45,No,,B1,+N,sb4,spb3,Ames 27193,Va85,Nitrogen,1,1,16.48
1483,JY,2019,Havelock,282+N-N,yes,45,No,,B1,+N,sb4,spb3,Check,Check,Nitrogen,1,1,16.93333333
1501,JY,2019,Havelock,282+N-N,yes,45,No,,B1,+N,sb3,spb1,PI 595550,CML277,Nitrogen,1,1,17.6
1503,JY,2019,Havelock,282+N-N,yes,45,No,,B1,+N,sb3,spb1,PI 406112,A214N,Nitrogen,1,1,16.86666667
1505,JY,2019,Havelock,282+N-N,yes,45,No,,B1,+N,sb3,spb1,PI 550465,B68,Nitrogen,1,1,17.98333333
1507,JY,2019,Havelock,282+N-N,yes,45,No,,B1,+N,sb3,spb1,Ames 27096,CML322,Nitrogen,1,1,12.8
1509,JY,2019,Havelock,282+N-N,yes,45,No,,B1,+N,sb3,spb1,Ames 27101,CML333,Nitrogen,1,1,11.18333333
1511,JY,2019,Havelock,282+N-N,yes,45,No,,B1,+N,sb3,spb1,Ames 27072,CML10,Nitrogen,1,1,15.71666667
1513,JY,2019,Havelock,282+N-N,yes,45,No,,B1,+N,sb3,spb1,PI 595561,CML52,Nitrogen,1,1,12.47142857
1515,JY,2019,Havelock,282+N-N,yes,45,No,,B1,+N,sb3,spb2,PI 587144,Mo24W,Nitrogen,1,1,15.28
1517,JY,2019,Havelock,282+N-N,yes,45,No,,B1,+N,sb3,spb2,Check,Check,Nitrogen,1,1,18.2
1519,JY,2019,Havelock,282+N-N,yes,45,No,,B1,+N,sb3,spb2,Ames 12729,NC222,Nitrogen,1,1,9.85
1521,JY,2019,Havelock,282+N-N,yes,45,No,,B1,+N,sb3,spb2,Ames 27144,NC296,Nitrogen,1,1,11.53333333
1523,JY,2019,Havelock,282+N-N,yes,45,No,,B1,+N,sb3,spb2,NSL 30038,K4,Nitrogen,1,1,15.78333333
1525,JY,2019,Havelock,282+N-N,yes,45,No,,B1,+N,sb3,spb2,Check,Check,Nitrogen,1,1,19.85
1527,JY,2019,Havelock,282+N-N,yes,45,No,,B1,+N,sb3,spb2,Ames 27121,K64,Nitrogen,1,1,13.6
1529,JY,2019,Havelock,282+N-N,yes,45,No,,B1,+N,sb3,spb3,PI 506248,Tzi10,Nitrogen,1,1,
1531,JY,2019,Havelock,282+N-N,yes,45,No,,B1,+N,sb3,spb3,Ames 27179,NC366,Nitrogen,1,1,12.91666667
1533,JY,2019,Havelock,282+N-N,yes,45,No,,B1,+N,sb3,spb3,PI 540745,Tzi11,Nitrogen,1,1,11.225
1535,JY,2019,Havelock,282+N-N,yes,45,No,,B1,+N,sb3,spb3,Ames 27131,Ky226,Nitrogen,1,1,11.18571429
1537,JY,2019,Havelock,282+N-N,yes,45,No,,B1,+N,sb3,spb3,PI 558520,Mo1W,Nitrogen,1,1,12.93333333
1539,JY,2019,Havelock,282+N-N,yes,45,No,,B1,+N,sb3,spb3,Ames 22748,H100,Nitrogen,1,1,14.43333333
1541,JY,2019,Havelock,282+N-N,yes,45,No,,B1,+N,sb3,spb3,PI 506253,Tzi18,Nitrogen,1,1,14.03333333
1543,JY,2019,Havelock,282+N-N,yes,45,No,,B1,+N,sb4,spb1,Ames 27065,B73Htrhm,Nitrogen,1,1,12.93333333
1545,JY,2019,Havelock,282+N-N,yes,45,No,,B1,+N,sb4,spb1,Ames 27069,CH701-30,Nitrogen,1,1,13.14
1547,JY,2019,Havelock,282+N-N,yes,45,No,,B1,+N,sb4,spb1,PI 686059,IDS28,Nitrogen,1,1,11.13333333
1549,JY,2019,Havelock,282+N-N,yes,45,No,,B1,+N,sb4,spb1,Check,Check,Nitrogen,1,1,19.41666667
1551,JY,2019,Havelock,282+N-N,yes,45,No,,B1,+N,sb4,spb1,PI 608767,B84,Nitrogen,1,1,14.26
1553,JY,2019,Havelock,282+N-N,yes,45,No,,B1,+N,sb4,spb1,PI 587140,A632,Nitrogen,1,1,15.15
1555,JY,2019,Havelock,282+N-N,yes,45,No,,B1,+N,sb4,spb1,Ames 27066,B164,Nitrogen,1,1,15.95
1557,JY,2019,Havelock,282+N-N,yes,45,No,,B1,+N,sb4,spb2,Ames 27149,NC306,Nitrogen,1,1,13.63333333
1559,JY,2019,Havelock,282+N-N,yes,45,No,,B1,+N,sb4,spb2,NSL 65874,Os420,Nitrogen,1,1,13.08
1561,JY,2019,Havelock,282+N-N,yes,45,No,,B1,+N,sb4,spb2,Ames 27178,NC364,Nitrogen,1,1,11.21428571
1563,JY,2019,Havelock,282+N-N,yes,45,No,,B1,+N,sb4,spb2,Ames 27160,NC328,Nitrogen,1,1,12.56666667
1565,JY,2019,Havelock,282+N-N,yes,45,No,,B1,+N,sb4,spb2,Ames 27159,NC326,Nitrogen,1,1,15.83333333
1567,JY,2019,Havelock,282+N-N,yes,45,No,,B1,+N,sb4,spb2,Ames 27118,Il14H,Nitrogen,1,1,10.08571429
1569,JY,2019,Havelock,282+N-N,yes,45,No,,B1,+N,sb4,spb2,Ames 27168,NC344,Nitrogen,1,1,13.3
1571,JY,2019,Havelock,282+N-N,yes,45,No,,B1,+N,sb4,spb3,PI 587149,Va26,Nitrogen,1,1,16.23333333
1573,JY,2019,Havelock,282+N-N,yes,45,No,,B1,+N,sb4,spb3,Ames 19328,Va22,Nitrogen,1,1,16.78333333
1575,JY,2019,Havelock,282+N-N,yes,45,No,,B1,+N,sb4,spb3,Ames 31534,CI90CGoodman-Buckler,Nitrogen,1,1,13.1
1577,JY,2019,Havelock,282+N-N,yes,45,No,,B1,+N,sb4,spb3,PI 606768,SD40,Nitrogen,1,1,13.37142857
1579,JY,2019,Havelock,282+N-N,yes,45,No,,B1,+N,sb4,spb3,Ames 28367,CI7Goodman-Buckler,Nitrogen,1,1,13.23333333
1581,JY,2019,Havelock,282+N-N,yes,45,No,,B1,+N,sb4,spb3,Ames 27187,R4,Nitrogen,1,1,13.66666667
1583,JY,2019,Havelock,282+N-N,yes,45,No,,B1,+N,sb4,spb3,Ames 24989,Va99,Nitrogen,1,1,13.68571429
2001,JY,2019,Havelock,282+N-N,yes,45,No,,B1,-N,sb1,spb1,PI 587131,HP301,No Nitrogen,1,2,11.88571429
2003,JY,2019,Havelock,282+N-N,yes,45,No,,B1,-N,sb1,spb1,PI 550472,B57,No Nitrogen,1,2,
2005,JY,2019,Havelock,282+N-N,yes,45,No,,B1,-N,sb1,spb1,Ames 19284,C103,No Nitrogen,1,2,18.81666667
2007,JY,2019,Havelock,282+N-N,yes,45,No,,B1,-N,sb1,spb1,PI 594047,B104,No Nitrogen,1,2,14.11666667
2009,JY,2019,Havelock,282+N-N,yes,45,No,,B1,-N,sb1,spb1,Ames 19319,H95,No Nitrogen,1,2,13.8
2011,JY,2019,Havelock,282+N-N,yes,45,No,,B1,-N,sb1,spb1,Check,Check,No Nitrogen,1,2,18.73333333
2013,JY,2019,Havelock,282+N-N,yes,45,No,,B1,-N,sb1,spb1,Ames 22754,K55,No Nitrogen,1,2,12.96666667
2015,JY,2019,Havelock,282+N-N,yes,45,No,,B1,-N,sb1,spb2,PI 550555,NC250,No Nitrogen,1,2,11.13333333
2017,JY,2019,Havelock,282+N-N,yes,45,No,,B1,-N,sb1,spb2,Ames 12732,NC232,No Nitrogen,1,2,14.06666667
2019,JY,2019,Havelock,282+N-N,yes,45,No,,B1,-N,sb1,spb2,Ames 27138,N28Ht,No Nitrogen,1,2,14.2
2021,JY,2019,Havelock,282+N-N,yes,45,No,,B1,-N,sb1,spb2,Ames 12731,NC230,No Nitrogen,1,2,9.983333333
2023,JY,2019,Havelock,282+N-N,yes,45,No,,B1,-N,sb1,spb2,Ames 27147,NC302,No Nitrogen,1,2,13.08333333
2025,JY,2019,Havelock,282+N-N,yes,45,No,,B1,-N,sb1,spb2,Ames 27261,NC298,No Nitrogen,1,2,18.43333333
2027,JY,2019,Havelock,282+N-N,yes,45,No,,B1,-N,sb1,spb2,Ames 27172,NC352,No Nitrogen,1,2,15.45
2029,JY,2019,Havelock,282+N-N,yes,45,No,,B1,-N,sb1,spb3,PI 686066,SG18,No Nitrogen,1,2,12.3
2031,JY,2019,Havelock,282+N-N,yes,45,No,,B1,-N,sb1,spb3,PI 573098,Oh603,No Nitrogen,1,2,13.06666667
2033,JY,2019,Havelock,282+N-N,yes,45,No,,B1,-N,sb1,spb3,Ames 27182,NC372,No Nitrogen,1,2,13.21666667
2035,JY,2019,Havelock,282+N-N,yes,45,No,,B1,-N,sb1,spb3,Ames 27194,W401,No Nitrogen,1,2,11.875
2037,JY,2019,Havelock,282+N-N,yes,45,No,,B1,-N,sb1,spb3,Check,Check,No Nitrogen,1,2,13.21666667
2039,JY,2019,Havelock,282+N-N,yes,45,No,,B1,-N,sb1,spb3,PI 686065,SA24,No Nitrogen,1,2,14.43333333
2041,JY,2019,Havelock,282+N-N,yes,45,No,,B1,-N,sb1,spb3,Ames 27185,Pa875,No Nitrogen,1,2,
2043,JY,2019,Havelock,282+N-N,yes,45,No,,B1,-N,sb2,spb1,PI 587138,A554,No Nitrogen,1,2,8.333333333
2045,JY,2019,Havelock,282+N-N,yes,45,No,,B1,-N,sb2,spb1,NSL 81599,A659,No Nitrogen,1,2,12.06666667
2047,JY,2019,Havelock,282+N-N,yes,45,No,,B1,-N,sb2,spb1,Ames 23405,A239,No Nitrogen,1,2,11.8
2049,JY,2019,Havelock,282+N-N,yes,45,No,,B1,-N,sb2,spb1,Ames 23450,A556,No Nitrogen,1,2,
2051,JY,2019,Havelock,282+N-N,yes,45,No,,B1,-N,sb2,spb1,Ames 27067,C49A,No Nitrogen,1,2,8.725
2053,JY,2019,Havelock,282+N-N,yes,45,No,,B1,-N,sb2,spb1,Ames 19311,A641,No Nitrogen,1,2,15.26
2055,JY,2019,Havelock,282+N-N,yes,45,No,,B1,-N,sb2,spb1,Ames 19316,CM174,No Nitrogen,1,2,11.9
2057,JY,2019,Havelock,282+N-N,yes,45,No,,B1,-N,sb2,spb2,PI 257507,F7,No Nitrogen,1,2,12.55
2059,JY,2019,Havelock,282+N-N,yes,45,No,,B1,-N,sb2,spb2,PI 686057,I29,No Nitrogen,1,2,11.88333333
2061,JY,2019,Havelock,282+N-N,yes,45,No,,B1,-N,sb2,spb2,Ames 27106,CO125,No Nitrogen,1,2,11.23333333
2063,JY,2019,Havelock,282+N-N,yes,45,No,,B1,-N,sb2,spb2,Ames 27070,CM7,No Nitrogen,1,2,10.61428571
2065,JY,2019,Havelock,282+N-N,yes,45,No,,B1,-N,sb2,spb2,Ames 24734,MS153,No Nitrogen,1,2,11.23333333
2067,JY,2019,Havelock,282+N-N,yes,45,No,,B1,-N,sb2,spb2,Ames 27104,CMV3,No Nitrogen,1,2,9.642857143
2069,JY,2019,Havelock,282+N-N,yes,45,No,,B1,-N,sb2,spb2,Ames 27105,CO106,No Nitrogen,1,2,10.26666667
2071,JY,2019,Havelock,282+N-N,yes,45,No,,B1,-N,sb2,spb3,Ames 27162,NC332,No Nitrogen,1,2,13.15
2073,JY,2019,Havelock,282+N-N,yes,45,No,,B1,-N,sb2,spb3,PI 550490,ND246,No Nitrogen,1,2,12.57777778
2075,JY,2019,Havelock,282+N-N,yes,45,No,,B1,-N,sb2,spb3,Ames 19288,Oh43,No Nitrogen,1,2,17.63333333
2077,JY,2019,Havelock,282+N-N,yes,45,No,,B1,-N,sb2,spb3,Ames 27154,NC316,No Nitrogen,1,2,7.7
2079,JY,2019,Havelock,282+N-N,yes,45,No,,B1,-N,sb2,spb3,PI 524969,SD44,No Nitrogen,1,2,10.66
2081,JY,2019,Havelock,282+N-N,yes,45,No,,B1,-N,sb2,spb3,Ames 19016,Va59,No Nitrogen,1,2,8.1
2083,JY,2019,Havelock,282+N-N,yes,45,No,,B1,-N,sb2,spb3,Ames 28186,P39,No Nitrogen,1,2,13.375
2101,JY,2019,Havelock,282+N-N,yes,45,No,,B1,-N,sb1,spb1,Ames 19309,A635,No Nitrogen,1,2,14.85
2103,JY,2019,Havelock,282+N-N,yes,45,No,,B1,-N,sb1,spb1,Ames 21512,CI31A,No Nitrogen,1,2,9.933333333
2105,JY,2019,Havelock,282+N-N,yes,45,No,,B1,-N,sb1,spb1,Check,Check,No Nitrogen,1,2,16.88333333
2107,JY,2019,Havelock,282+N-N,yes,45,No,,B1,-N,sb1,spb1,PI 594048,B105,No Nitrogen,1,2,15.38571429
2109,JY,2019,Havelock,282+N-N,yes,45,No,,B1,-N,sb1,spb1,Ames 26138,CI187-2,No Nitrogen,1,2,14.05
2111,JY,2019,Havelock,282+N-N,yes,45,No,,B1,-N,sb1,spb1,Ames 27087,CML220,No Nitrogen,1,2,10.58333333
2113,JY,2019,Havelock,282+N-N,yes,45,No,,B1,-N,sb1,spb1,Ames 27097,CML323,No Nitrogen,1,2,13.05
2115,JY,2019,Havelock,282+N-N,yes,45,No,,B1,-N,sb1,spb2,Ames 27141,NC290A,No Nitrogen,1,2,8.86
2117,JY,2019,Havelock,282+N-N,yes,45,No,,B1,-N,sb1,spb2,Ames 27137,N6,No Nitrogen,1,2,10.45
2119,JY,2019,Havelock,282+N-N,yes,45,No,,B1,-N,sb1,spb2,Check,Check,No Nitrogen,1,2,13.75
2121,JY,2019,Havelock,282+N-N,yes,45,No,,B1,-N,sb1,spb2,Ames 27174,NC356,No Nitrogen,1,2,9.86
2123,JY,2019,Havelock,282+N-N,yes,45,No,,B1,-N,sb1,spb2,PI 520774,NC264,No Nitrogen,1,2,11.18
2125,JY,2019,Havelock,282+N-N,yes,45,No,,B1,-N,sb1,spb2,Ames 27158,NC324,No Nitrogen,1,2,11.51428571
2127,JY,2019,Havelock,282+N-N,yes,45,No,,B1,-N,sb1,spb2,Ames 28366,N7A,No Nitrogen,1,2,8.866666667
2129,JY,2019,Havelock,282+N-N,yes,45,No,,B1,-N,sb1,spb3,Ames 27190,T234,No Nitrogen,1,2,12.88333333
2131,JY,2019,Havelock,282+N-N,yes,45,No,,B1,-N,sb1,spb3,Ames 27181,NC370,No Nitrogen,1,2,10.48
2133,JY,2019,Havelock,282+N-N,yes,45,No,,B1,-N,sb1,spb3,Ames 19000,VaW6,No Nitrogen,1,2,14.86666667
2135,JY,2019,Havelock,282+N-N,yes,45,No,,B1,-N,sb1,spb3,PI 587151,Va102,No Nitrogen,1,2,14.11666667
2137,JY,2019,Havelock,282+N-N,yes,45,No,,B1,-N,sb1,spb3,NSL 53094,SC357,No Nitrogen,1,2,10.64
2139,JY,2019,Havelock,282+N-N,yes,45,No,,B1,-N,sb1,spb3,Ames 27176,NC360,No Nitrogen,1,2,13.81666667
2141,JY,2019,Havelock,282+N-N,yes,45,No,,B1,-N,sb1,spb3,PI 587152,W64A,No Nitrogen,1,2,10.76666667
2143,JY,2019,Havelock,282+N-N,yes,45,No,,B1,-N,sb2,spb1,Ames 22443,A188,No Nitrogen,1,2,11.11666667
2145,JY,2019,Havelock,282+N-N,yes,45,No,,B1,-N,sb2,spb1,Ames 19313,C123,No Nitrogen,1,2,
2147,JY,2019,Havelock,282+N-N,yes,45,No,,B1,-N,sb2,spb1,PI 608774,B75,No Nitrogen,1,2,13.05
2149,JY,2019,Havelock,282+N-N,yes,45,No,,B1,-N,sb2,spb1,PI 607521,A661,No Nitrogen,1,2,11.42
2151,JY,2019,Havelock,282+N-N,yes,45,No,,B1,-N,sb2,spb1,PI 587139,A619,No Nitrogen,1,2,13.775
2153,JY,2019,Havelock,282+N-N,yes,45,No,,B1,-N,sb2,spb1,PI 594046,B103,No Nitrogen,1,2,13.57142857
2155,JY,2019,Havelock,282+N-N,yes,45,No,,B1,-N,sb2,spb1,Ames 27068,CH9,No Nitrogen,1,2,11.575
2157,JY,2019,Havelock,282+N-N,yes,45,No,,B1,-N,sb2,spb2,Check,Check,No Nitrogen,1,2,14.91666667
2159,JY,2019,Havelock,282+N-N,yes,45,No,,B1,-N,sb2,spb2,Ames 20140,Mt42,No Nitrogen,1,2,10.1
2161,JY,2019,Havelock,282+N-N,yes,45,No,,B1,-N,sb2,spb2,PI 587129,H99,No Nitrogen,1,2,11.73333333
2163,JY,2019,Havelock,282+N-N,yes,45,No,,B1,-N,sb2,spb2,Ames 27135,MEF156-55-2,No Nitrogen,1,2,
2165,JY,2019,Havelock,282+N-N,yes,45,No,,B1,-N,sb2,spb2,Ames 20190,CM37,No Nitrogen,1,2,10.21666667
2167,JY,2019,Havelock,282+N-N,yes,45,No,,B1,-N,sb2,spb2,PI 583352,Mo47,No Nitrogen,1,2,11.16666667
2169,JY,2019,Havelock,282+N-N,yes,45,No,,B1,-N,sb2,spb2,PI 587135,Ia5125,No Nitrogen,1,2,6.68
2171,JY,2019,Havelock,282+N-N,yes,45,No,,B1,-N,sb2,spb3,PI 531085,NC262,No Nitrogen,1,2,11.98333333
2173,JY,2019,Havelock,282+N-N,yes,45,No,,B1,-N,sb2,spb3,Check,Check,No Nitrogen,1,2,17.18333333
2175,JY,2019,Havelock,282+N-N,yes,45,No,,B1,-N,sb2,spb3,Ames 27161,NC330,No Nitrogen,1,2,13.2
2177,JY,2019,Havelock,282+N-N,yes,45,No,,B1,-N,sb2,spb3,PI 587137,Ms71,No Nitrogen,1,2,14.66666667
2179,JY,2019,Havelock,282+N-N,yes,45,No,,B1,-N,sb2,spb3,Ames 27163,NC334,No Nitrogen,1,2,11.56666667
2181,JY,2019,Havelock,282+N-N,yes,45,No,,B1,-N,sb2,spb3,PI 587145,NC268,No Nitrogen,1,2,13.46
2183,JY,2019,Havelock,282+N-N,yes,45,No,,B1,-N,sb2,spb3,PI 550566,N192,No Nitrogen,1,2,17.65
2201,JY,2019,Havelock,282+N-N,yes,45,No,,B1,-N,sb1,spb1,Ames 22440,CI90C,No Nitrogen,1,2,11.55
2203,JY,2019,Havelock,282+N-N,yes,45,No,,B1,-N,sb1,spb1,PI 587128,H84,No Nitrogen,1,2,11.88333333
2205,JY,2019,Havelock,282+N-N,yes,45,No,,B1,-N,sb1,spb1,PI 608766,B79,No Nitrogen,1,2,10.0125
2207,JY,2019,Havelock,282+N-N,yes,45,No,,B1,-N,sb1,spb1,Ames 27112,F2834T,No Nitrogen,1,2,13
2209,JY,2019,Havelock,282+N-N,yes,45,No,,B1,-N,sb1,spb1,Ames 27083,CML154Q,No Nitrogen,1,2,16.81666667
2211,JY,2019,Havelock,282+N-N,yes,45,No,,B1,-N,sb1,spb1,Ames 27120,Il677a,No Nitrogen,1,2,13.45
2213,JY,2019,Havelock,282+N-N,yes,45,No,,B1,-N,sb1,spb1,PI 606329,DE1,No Nitrogen,1,2,9.614285714
2215,JY,2019,Havelock,282+N-N,yes,45,No,,B1,-N,sb1,spb2,Ames 27124,Ki11,No Nitrogen,1,2,15.78
2217,JY,2019,Havelock,282+N-N,yes,45,No,,B1,-N,sb1,spb2,PI 543916,Mp339,No Nitrogen,1,2,11.81666667
2219,JY,2019,Havelock,282+N-N,yes,45,No,,B1,-N,sb1,spb2,PI 583351,Mo46,No Nitrogen,1,2,12.88333333
2221,JY,2019,Havelock,282+N-N,yes,45,No,,B1,-N,sb1,spb2,Ames 27260,Ki44,No Nitrogen,1,2,12.66666667
2223,JY,2019,Havelock,282+N-N,yes,45,No,,B1,-N,sb1,spb2,Check,Check,No Nitrogen,1,2,17
2225,JY,2019,Havelock,282+N-N,yes,45,No,,B1,-N,sb1,spb2,Ames 27175,NC358,No Nitrogen,1,2,12.01666667
2227,JY,2019,Havelock,282+N-N,yes,45,No,,B1,-N,sb1,spb2,Ames 27164,NC336,No Nitrogen,1,2,15.13333333
2229,JY,2019,Havelock,282+N-N,yes,45,No,,B1,-N,sb1,spb3,Ames 27183,Oh43E,No Nitrogen,1,2,10.43333333
2231,JY,2019,Havelock,282+N-N,yes,45,No,,B1,-N,sb1,spb3,NSL 30053,W22,No Nitrogen,1,2,13.28571429
2233,JY,2019,Havelock,282+N-N,yes,45,No,,B1,-N,sb1,spb3,Ames 8399,W117HT,No Nitrogen,1,2,9.225
2235,JY,2019,Havelock,282+N-N,yes,45,No,,B1,-N,sb1,spb3,Check,Check,No Nitrogen,1,2,14.78333333
2237,JY,2019,Havelock,282+N-N,yes,45,No,,B1,-N,sb1,spb3,PI 587150,Va35,No Nitrogen,1,2,11.65
2239,JY,2019,Havelock,282+N-N,yes,45,No,,B1,-N,sb1,spb3,Ames 19323,Oh7B,No Nitrogen,1,2,13.575
2241,JY,2019,Havelock,282+N-N,yes,45,No,,B1,-N,sb1,spb3,Ames 27184,Pa762,No Nitrogen,1,2,12.375
2243,JY,2019,Havelock,282+N-N,yes,45,No,,B1,-N,sb2,spb1,PI 550440,B64,No Nitrogen,1,2,13.17142857
2245,JY,2019,Havelock,282+N-N,yes,45,No,,B1,-N,sb2,spb1,Ames 19308,A634,No Nitrogen,1,2,14.71666667
2247,JY,2019,Havelock,282+N-N,yes,45,No,,B1,-N,sb2,spb1,PI 587141,A654,No Nitrogen,1,2,15.65
2249,JY,2019,Havelock,282+N-N,yes,45,No,,B1,-N,sb2,spb1,Check,Check,No Nitrogen,1,2,15.85
2251,JY,2019,Havelock,282+N-N,yes,45,No,,B1,-N,sb2,spb1,PI 550483,B76,No Nitrogen,1,2,9.516666667
2253,JY,2019,Havelock,282+N-N,yes,45,No,,B1,-N,sb2,spb1,PI 587143,A682,No Nitrogen,1,2,16.46666667
2255,JY,2019,Havelock,282+N-N,yes,45,No,,B1,-N,sb2,spb1,PI 587124,CM105,No Nitrogen,1,2,14.68333333
2257,JY,2019,Havelock,282+N-N,yes,45,No,,B1,-N,sb2,spb2,Ames 24752,MS1334,No Nitrogen,1,2,12.9
2259,JY,2019,Havelock,282+N-N,yes,45,No,,B1,-N,sb2,spb2,Ames 28364,IA2132,No Nitrogen,1,2,11.23333333
2261,JY,2019,Havelock,282+N-N,yes,45,No,,B1,-N,sb2,spb2,NSL 30867,M14,No Nitrogen,1,2,16.55
2263,JY,2019,Havelock,282+N-N,yes,45,No,,B1,-N,sb2,spb2,Ames 27111,EP1,No Nitrogen,1,2,9.166666667
2265,JY,2019,Havelock,282+N-N,yes,45,No,,B1,-N,sb2,spb2,PI 686063,IDS91,No Nitrogen,1,2,13.9
2267,JY,2019,Havelock,282+N-N,yes,45,No,,B1,-N,sb2,spb2,Ames 27107,CO255,No Nitrogen,1,2,12.98333333
2269,JY,2019,Havelock,282+N-N,yes,45,No,,B1,-N,sb2,spb2,PI 587127,H105W,No Nitrogen,1,2,14.05
2271,JY,2019,Havelock,282+N-N,yes,45,No,,B1,-N,sb2,spb3,Ames 27150,NC308,No Nitrogen,1,2,12.61666667
2273,JY,2019,Havelock,282+N-N,yes,45,No,,B1,-N,sb2,spb3,Ames 27142,NC292,No Nitrogen,1,2,11.12
2275,JY,2019,Havelock,282+N-N,yes,45,No,,B1,-N,sb2,spb3,Ames 27152,NC312,No Nitrogen,1,2,14.06666667
2277,JY,2019,Havelock,282+N-N,yes,45,No,,B1,-N,sb2,spb3,PI 587154,W153R,No Nitrogen,1,2,13.46
2279,JY,2019,Havelock,282+N-N,yes,45,No,,B1,-N,sb2,spb3,Ames 19326,R168,No Nitrogen,1,2,10.33333333
2281,JY,2019,Havelock,282+N-N,yes,45,No,,B1,-N,sb2,spb3,Check,Check,No Nitrogen,1,2,15.28333333
2283,JY,2019,Havelock,282+N-N,yes,45,No,,B1,-N,sb2,spb3,Ames 19330,W182B,No Nitrogen,1,2,14.9
2301,JY,2019,Havelock,282+N-N,yes,45,No,,B1,-N,sb3,spb1,PI 550469,B46,No Nitrogen,1,2,14.8
2303,JY,2019,Havelock,282+N-N,yes,45,No,,B1,-N,sb3,spb1,PI 686059,IDS28,No Nitrogen,1,2,12
2305,JY,2019,Havelock,282+N-N,yes,45,No,,B1,-N,sb3,spb1,PI 550467,B37,No Nitrogen,1,2,14.48333333
2307,JY,2019,Havelock,282+N-N,yes,45,No,,B1,-N,sb3,spb1,Check,Check,No Nitrogen,1,2,14.21666667
2309,JY,2019,Havelock,282+N-N,yes,45,No,,B1,-N,sb3,spb1,Ames 27066,B164,No Nitrogen,1,2,10.58333333
2311,JY,2019,Havelock,282+N-N,yes,45,No,,B1,-N,sb3,spb1,Check,Check,No Nitrogen,1,2,14.16666667
2313,JY,2019,Havelock,282+N-N,yes,45,No,,B1,-N,sb3,spb1,PI 550461,B14A,No Nitrogen,1,2,18.7
2315,JY,2019,Havelock,282+N-N,yes,45,No,,B1,-N,sb3,spb2,Ames 27140,NC260,No Nitrogen,1,2,13.86666667
2317,JY,2019,Havelock,282+N-N,yes,45,No,,B1,-N,sb3,spb2,NSL 30894,R177,No Nitrogen,1,2,15.36666667
2319,JY,2019,Havelock,282+N-N,yes,45,No,,B1,-N,sb3,spb2,Ames 27151,NC310,No Nitrogen,1,2,12.71666667
2321,JY,2019,Havelock,282+N-N,yes,45,No,,B1,-N,sb3,spb2,Ames 27178,NC364,No Nitrogen,1,2,10.21666667
2323,JY,2019,Havelock,282+N-N,yes,45,No,,B1,-N,sb3,spb2,NSL 65873,L317,No Nitrogen,1,2,15.93333333
2325,JY,2019,Havelock,282+N-N,yes,45,No,,B1,-N,sb3,spb2,NSL 28966,Oh40B,No Nitrogen,1,2,15.88333333
2327,JY,2019,Havelock,282+N-N,yes,45,No,,B1,-N,sb3,spb2,Ames 27168,NC344,No Nitrogen,1,2,12.1
2329,JY,2019,Havelock,282+N-N,yes,45,No,,B1,-N,sb3,spb3,Ames 19328,Va22,No Nitrogen,1,2,17.8
2331,JY,2019,Havelock,282+N-N,yes,45,No,,B1,-N,sb3,spb3,CIze 44,CI44,No Nitrogen,1,2,11.01666667
2333,JY,2019,Havelock,282+N-N,yes,45,No,,B1,-N,sb3,spb3,Ames 28290,C49,No Nitrogen,1,2,10.16666667
2335,JY,2019,Havelock,282+N-N,yes,45,No,,B1,-N,sb3,spb3,Ames 28367,CI7Goodman-Buckler,No Nitrogen,1,2,11.9
2337,JY,2019,Havelock,282+N-N,yes,45,No,,B1,-N,sb3,spb3,Ames 27193,Va85,No Nitrogen,1,2,16.08333333
2339,JY,2019,Havelock,282+N-N,yes,45,No,,B1,-N,sb3,spb3,PI 587149,Va26,No Nitrogen,1,2,10.61666667
2341,JY,2019,Havelock,282+N-N,yes,45,No,,B1,-N,sb3,spb3,Ames 26771,33-16,No Nitrogen,1,2,11.4
2343,JY,2019,Havelock,282+N-N,yes,45,No,,B1,-N,sb4,spb1,PI 595565,CML287,No Nitrogen,1,2,12.61666667
2345,JY,2019,Havelock,282+N-N,yes,45,No,,B1,-N,sb4,spb1,Check,Check,No Nitrogen,1,2,15.1
2347,JY,2019,Havelock,282+N-N,yes,45,No,,B1,-N,sb4,spb1,Ames 27082,CML108,No Nitrogen,1,2,10.93333333
2349,JY,2019,Havelock,282+N-N,yes,45,No,,B1,-N,sb4,spb1,Ames 27091,CML261,No Nitrogen,1,2,6.15
2351,JY,2019,Havelock,282+N-N,yes,45,No,,B1,-N,sb4,spb1,Check,Check,No Nitrogen,1,2,15.43333333
2353,JY,2019,Havelock,282+N-N,yes,45,No,,B1,-N,sb4,spb1,Ames 27081,CML103,No Nitrogen,1,2,12.65
2355,JY,2019,Havelock,282+N-N,yes,45,No,,B1,-N,sb4,spb1,Ames 27101,CML333,No Nitrogen,1,2,11.8
2357,JY,2019,Havelock,282+N-N,yes,45,No,,B1,-N,sb4,spb2,Ames 27156,NC320,No Nitrogen,1,2,13.45
2359,JY,2019,Havelock,282+N-N,yes,45,No,,B1,-N,sb4,spb2,Ames 27165,NC338,No Nitrogen,1,2,15.52857143
2361,JY,2019,Havelock,282+N-N,yes,45,No,,B1,-N,sb4,spb2,NSL 30038,K4,No Nitrogen,1,2,16.33333333
2363,JY,2019,Havelock,282+N-N,yes,45,No,,B1,-N,sb4,spb2,PI 550558,DE811,No Nitrogen,1,2,12.4
2365,JY,2019,Havelock,282+N-N,yes,45,No,,B1,-N,sb4,spb2,Ames 27144,NC296,No Nitrogen,1,2,13.98333333
2367,JY,2019,Havelock,282+N-N,yes,45,No,,B1,-N,sb4,spb2,Ames 27110,E2558W,No Nitrogen,1,2,14.21666667
2369,JY,2019,Havelock,282+N-N,yes,45,No,,B1,-N,sb4,spb2,Check,Check,No Nitrogen,1,2,13.6
2371,JY,2019,Havelock,282+N-N,yes,45,No,,B1,-N,sb4,spb3,PI 506253,Tzi18,No Nitrogen,1,2,
2373,JY,2019,Havelock,282+N-N,yes,45,No,,B1,-N,sb4,spb3,Ames 27131,Ky226,No Nitrogen,1,2,11.73333333
2375,JY,2019,Havelock,282+N-N,yes,45,No,,B1,-N,sb4,spb3,Ames 22748,H100,No Nitrogen,1,2,15.2
2377,JY,2019,Havelock,282+N-N,yes,45,No,,B1,-N,sb4,spb3,PI 540745,Tzi11,No Nitrogen,1,2,11.86666667
2379,JY,2019,Havelock,282+N-N,yes,45,No,,B1,-N,sb4,spb3,PI 506255,Tzi25,No Nitrogen,1,2,13.28333333
2381,JY,2019,Havelock,282+N-N,yes,45,No,,B1,-N,sb4,spb3,Check,Check,No Nitrogen,1,2,16.81666667
2383,JY,2019,Havelock,282+N-N,yes,45,No,,B1,-N,sb4,spb3,Ames 27179,NC366,No Nitrogen,1,2,11.8
2401,JY,2019,Havelock,282+N-N,yes,45,No,,B1,-N,sb3,spb1,Ames 27114,H91,No Nitrogen,1,2,19.25
2403,JY,2019,Havelock,282+N-N,yes,45,No,,B1,-N,sb3,spb1,NSL 30904,4226,No Nitrogen,1,2,14.8
2405,JY,2019,Havelock,282+N-N,yes,45,No,,B1,-N,sb3,spb1,PI 550473,B73,No Nitrogen,1,2,14.16666667
2407,JY,2019,Havelock,282+N-N,yes,45,No,,B1,-N,sb3,spb1,PI 608765,B77,No Nitrogen,1,2,14.28333333
2409,JY,2019,Havelock,282+N-N,yes,45,No,,B1,-N,sb3,spb1,PI 587140,A632,No Nitrogen,1,2,13.56666667
2411,JY,2019,Havelock,282+N-N,yes,45,No,,B1,-N,sb3,spb1,Ames 26769,B2,No Nitrogen,1,2,12.63333333
2413,JY,2019,Havelock,282+N-N,yes,45,No,,B1,-N,sb3,spb1,Ames 27069,CH701-30,No Nitrogen,1,2,12.18333333
2415,JY,2019,Havelock,282+N-N,yes,45,No,,B1,-N,sb3,spb2,NSL 65874,Os420,No Nitrogen,1,2,12.86666667
2417,JY,2019,Havelock,282+N-N,yes,45,No,,B1,-N,sb3,spb2,PI 517974,Pa880,No Nitrogen,1,2,12.13333333
2419,JY,2019,Havelock,282+N-N,yes,45,No,,B1,-N,sb3,spb2,Ames 28939,Mo44,No Nitrogen,1,2,13.81666667
2421,JY,2019,Havelock,282+N-N,yes,45,No,,B1,-N,sb3,spb2,Ames 27159,NC326,No Nitrogen,1,2,14.38333333
2423,JY,2019,Havelock,282+N-N,yes,45,No,,B1,-N,sb3,spb2,Ames 27143,NC294,No Nitrogen,1,2,12.96666667
2425,JY,2019,Havelock,282+N-N,yes,45,No,,B1,-N,sb3,spb2,Ames 27160,NC328,No Nitrogen,1,2,13.48333333
2427,JY,2019,Havelock,282+N-N,yes,45,No,,B1,-N,sb3,spb2,Ames 27118,Il14H,No Nitrogen,1,2,10.91666667
2429,JY,2019,Havelock,282+N-N,yes,45,No,,B1,-N,sb3,spb3,Ames 19293,Wf9,No Nitrogen,1,2,13.15
2431,JY,2019,Havelock,282+N-N,yes,45,No,,B1,-N,sb3,spb3,Ames 31536,A214NGoodman-Buckler,No Nitrogen,1,2,16.66666667
2433,JY,2019,Havelock,282+N-N,yes,45,No,,B1,-N,sb3,spb3,Ames 27196,Yu796_NS,No Nitrogen,1,2,9.25
2435,JY,2019,Havelock,282+N-N,yes,45,No,,B1,-N,sb3,spb3,Ames 31535,38-11Goodman-Buckler,No Nitrogen,1,2,12.01666667
2437,JY,2019,Havelock,282+N-N,yes,45,No,,B1,-N,sb3,spb3,PI 550518,T8,No Nitrogen,1,2,12.03333333
2439,JY,2019,Havelock,282+N-N,yes,45,No,,B1,-N,sb3,spb3,PI 606768,SD40,No Nitrogen,1,2,11.66666667
2441,JY,2019,Havelock,282+N-N,yes,45,No,,B1,-N,sb3,spb3,Ames 24989,Va99,No Nitrogen,1,2,12.08333333
2443,JY,2019,Havelock,282+N-N,yes,45,No,,B1,-N,sb4,spb1,Check,Check,No Nitrogen,1,2,12.53333333
2445,JY,2019,Havelock,282+N-N,yes,45,No,,B1,-N,sb4,spb1,Check,Check,No Nitrogen,1,2,9.933333333
2447,JY,2019,Havelock,282+N-N,yes,45,No,,B1,-N,sb4,spb1,Check,Check,No Nitrogen,1,2,10.8
2449,JY,2019,Havelock,282+N-N,yes,45,No,,B1,-N,sb4,spb1,Ames 27086,CML218,No Nitrogen,1,2,12.21666667
2451,JY,2019,Havelock,282+N-N,yes,45,No,,B1,-N,sb4,spb1,PI 595561,CML52,No Nitrogen,1,2,8.866666667
2453,JY,2019,Havelock,282+N-N,yes,45,No,,B1,-N,sb4,spb1,PI 595542,CML254,No Nitrogen,1,2,9.9
2455,JY,2019,Havelock,282+N-N,yes,45,No,,B1,-N,sb4,spb1,Ames 26604,38-11,No Nitrogen,1,2,11.58333333
2457,JY,2019,Havelock,282+N-N,yes,45,No,,B1,-N,sb4,spb2,Ames 27134,M162W,No Nitrogen,1,2,12.51666667
2459,JY,2019,Havelock,282+N-N,yes,45,No,,B1,-N,sb4,spb2,Ames 10248,GA209,No Nitrogen,1,2,8.916666667
2461,JY,2019,Havelock,282+N-N,yes,45,No,,B1,-N,sb4,spb2,Ames 27155,NC318,No Nitrogen,1,2,12.11666667
2463,JY,2019,Havelock,282+N-N,yes,45,No,,B1,-N,sb4,spb2,Ames 28184,CML69,No Nitrogen,1,2,13.41666667
2465,JY,2019,Havelock,282+N-N,yes,45,No,,B1,-N,sb4,spb2,PI 587144,Mo24W,No Nitrogen,1,2,18.26666667
2467,JY,2019,Havelock,282+N-N,yes,45,No,,B1,-N,sb4,spb2,Check,Check,No Nitrogen,1,2,16.38333333
2469,JY,2019,Havelock,282+N-N,yes,45,No,,B1,-N,sb4,spb2,Ames 27121,K64,No Nitrogen,1,2,10.18333333
2471,JY,2019,Havelock,282+N-N,yes,45,No,,B1,-N,sb4,spb3,PI 550522,T232,No Nitrogen,1,2,13.03333333
2473,JY,2019,Havelock,282+N-N,yes,45,No,,B1,-N,sb4,spb3,Ames 27189,SC55,No Nitrogen,1,2,
2475,JY,2019,Havelock,282+N-N,yes,45,No,,B1,-N,sb4,spb3,Ames 22763,Tx601,No Nitrogen,1,2,11.45
2477,JY,2019,Havelock,282+N-N,yes,45,No,,B1,-N,sb4,spb3,PI 257506,F2,No Nitrogen,1,2,12.85
2479,JY,2019,Havelock,282+N-N,yes,45,No,,B1,-N,sb4,spb3,PI 606330,DE2,No Nitrogen,1,2,13.13333333
2481,JY,2019,Havelock,282+N-N,yes,45,No,,B1,-N,sb4,spb3,Ames 26808,Ill.Hy,No Nitrogen,1,2,11.95
2483,JY,2019,Havelock,282+N-N,yes,45,No,,B1,-N,sb4,spb3,Check,Check,No Nitrogen,1,2,
2501,JY,2019,Havelock,282+N-N,yes,45,No,,B1,-N,sb3,spb1,Ames 19314,CI64,No Nitrogen,1,2,11.6
2503,JY,2019,Havelock,282+N-N,yes,45,No,,B1,-N,sb3,spb1,Ames 27065,B73Htrhm,No Nitrogen,1,2,12.6
2505,JY,2019,Havelock,282+N-N,yes,45,No,,B1,-N,sb3,spb1,PI 608767,B84,No Nitrogen,1,2,9.7
2507,JY,2019,Havelock,282+N-N,yes,45,No,,B1,-N,sb3,spb1,PI 564682,B97,No Nitrogen,1,2,12.56666667
2509,JY,2019,Havelock,282+N-N,yes,45,No,,B1,-N,sb3,spb1,PI 597927,B109,No Nitrogen,1,2,13.16666667
2511,JY,2019,Havelock,282+N-N,yes,45,No,,B1,-N,sb3,spb1,Ames 23503,A680,No Nitrogen,1,2,15.15
2513,JY,2019,Havelock,282+N-N,yes,45,No,,B1,-N,sb3,spb1,PI 587142,A679,No Nitrogen,1,2,14.68333333
2515,JY,2019,Havelock,282+N-N,yes,45,No,,B1,-N,sb3,spb2,PI 558532,Mo17,No Nitrogen,1,2,17.75
2517,JY,2019,Havelock,282+N-N,yes,45,No,,B1,-N,sb3,spb2,Ames 27149,NC306,No Nitrogen,1,2,12.96666667
2519,JY,2019,Havelock,282+N-N,yes,45,No,,B1,-N,sb3,spb2,Ames 27180,NC368,No Nitrogen,1,2,11.2
2521,JY,2019,Havelock,282+N-N,yes,45,No,,B1,-N,sb3,spb2,Check,Check,No Nitrogen,1,2,15.03333333
2523,JY,2019,Havelock,282+N-N,yes,45,No,,B1,-N,sb3,spb2,Ames 27167,NC342,No Nitrogen,1,2,9.616666667
2525,JY,2019,Havelock,282+N-N,yes,45,No,,B1,-N,sb3,spb2,PI 583350,Mo45,No Nitrogen,1,2,15
2527,JY,2019,Havelock,282+N-N,yes,45,No,,B1,-N,sb3,spb2,Ames 27177,NC362,No Nitrogen,1,2,13.65
2529,JY,2019,Havelock,282+N-N,yes,45,No,,B1,-N,sb3,spb3,Ames 31534,CI90CGoodman-Buckler,No Nitrogen,1,2,8.583333333
2531,JY,2019,Havelock,282+N-N,yes,45,No,,B1,-N,sb3,spb3,Check,Check,No Nitrogen,1,2,14.88333333
2533,JY,2019,Havelock,282+N-N,yes,45,No,,B1,-N,sb3,spb3,PI 592734,R229,No Nitrogen,1,2,9.383333333
2535,JY,2019,Havelock,282+N-N,yes,45,No,,B1,-N,sb3,spb3,PI 587132,Sg1533,No Nitrogen,1,2,10.36666667
2537,JY,2019,Havelock,282+N-N,yes,45,No,,B1,-N,sb3,spb3,Check,Check,No Nitrogen,1,2,13.96666667
2539,JY,2019,Havelock,282+N-N,yes,45,No,,B1,-N,sb3,spb3,PI 587125,CO109,No Nitrogen,1,2,8.6
2541,JY,2019,Havelock,282+N-N,yes,45,No,,B1,-N,sb3,spb3,Ames 27187,R4,No Nitrogen,1,2,13.57142857
2543,JY,2019,Havelock,282+N-N,yes,45,No,,B1,-N,sb4,spb1,Check,Check,No Nitrogen,1,2,15.7
2545,JY,2019,Havelock,282+N-N,yes,45,No,,B1,-N,sb4,spb1,Ames 27096,CML322,No Nitrogen,1,2,10.26666667
2547,JY,2019,Havelock,282+N-N,yes,45,No,,B1,-N,sb4,spb1,PI 550465,B68,No Nitrogen,1,2,12.68333333
2549,JY,2019,Havelock,282+N-N,yes,45,No,,B1,-N,sb4,spb1,PI 406112,A214N,No Nitrogen,1,2,16.11428571
2551,JY,2019,Havelock,282+N-N,yes,45,No,,B1,-N,sb4,spb1,PI 587130,4722,No Nitrogen,1,2,12.21666667
2553,JY,2019,Havelock,282+N-N,yes,45,No,,B1,-N,sb4,spb1,Ames 27095,CML321,No Nitrogen,1,2,14.25
2555,JY,2019,Havelock,282+N-N,yes,45,No,,B1,-N,sb4,spb1,Check,Check,No Nitrogen,1,2,16.01666667
2557,JY,2019,Havelock,282+N-N,yes,45,No,,B1,-N,sb4,spb2,PI 531084,NC258,No Nitrogen,1,2,9.583333333
2559,JY,2019,Havelock,282+N-N,yes,45,No,,B1,-N,sb4,spb2,NSL 22893,F44,No Nitrogen,1,2,8.016666667
2561,JY,2019,Havelock,282+N-N,yes,45,No,,B1,-N,sb4,spb2,Ames 12729,NC222,No Nitrogen,1,2,8.85
2563,JY,2019,Havelock,282+N-N,yes,45,No,,B1,-N,sb4,spb2,Ames 27133,M37W,No Nitrogen,1,2,13.56666667
2565,JY,2019,Havelock,282+N-N,yes,45,No,,B1,-N,sb4,spb2,Check,Check,No Nitrogen,1,2,14.03333333
2567,JY,2019,Havelock,282+N-N,yes,45,No,,B1,-N,sb4,spb2,Ames 27170,NC348,No Nitrogen,1,2,12.28333333
2569,JY,2019,Havelock,282+N-N,yes,45,No,,B1,-N,sb4,spb2,Ames 27169,NC346,No Nitrogen,1,2,11.2
2571,JY,2019,Havelock,282+N-N,yes,45,No,,B1,-N,sb4,spb3,Check,Check,No Nitrogen,1,2,15.28333333
2573,JY,2019,Havelock,282+N-N,yes,45,No,,B1,-N,sb4,spb3,Check,Check,No Nitrogen,1,2,15.11666667
2575,JY,2019,Havelock,282+N-N,yes,45,No,,B1,-N,sb4,spb3,PI 558520,Mo1W,No Nitrogen,1,2,7.3
2577,JY,2019,Havelock,282+N-N,yes,45,No,,B1,-N,sb4,spb3,Check,Check,No Nitrogen,1,2,17.65
2579,JY,2019,Havelock,282+N-N,yes,45,No,,B1,-N,sb4,spb3,Ames 27129,KUI2021,No Nitrogen,1,2,13.01666667
2581,JY,2019,Havelock,282+N-N,yes,45,No,,B1,-N,sb4,spb3,Ames 27119,Il101T,No Nitrogen,1,2,10.88333333
2583,JY,2019,Havelock,282+N-N,yes,45,No,,B1,-N,sb4,spb3,PI 587147,Pa91,No Nitrogen,1,2,11.42
3001,JY,2019,Havelock,282+N-N,yes,45,No,,B2,-N,sb1,spb1,PI 406112,A214N,No Nitrogen,2,3,13.12
3003,JY,2019,Havelock,282+N-N,yes,45,No,,B2,-N,sb1,spb1,NSL 65865,B10,No Nitrogen,2,3,14.93333333
3005,JY,2019,Havelock,282+N-N,yes,45,No,,B2,-N,sb1,spb1,Ames 27081,CML103,No Nitrogen,2,3,14.83333333
3007,JY,2019,Havelock,282+N-N,yes,45,No,,B2,-N,sb1,spb1,PI 595550,CML277,No Nitrogen,2,3,9.05
3009,JY,2019,Havelock,282+N-N,yes,45,No,,B2,-N,sb1,spb1,Check,Check,No Nitrogen,2,3,13.61666667
3011,JY,2019,Havelock,282+N-N,yes,45,No,,B2,-N,sb1,spb1,Ames 26604,38-11,No Nitrogen,2,3,7.766666667
3013,JY,2019,Havelock,282+N-N,yes,45,No,,B2,-N,sb1,spb1,Check,Check,No Nitrogen,2,3,14.55
3015,JY,2019,Havelock,282+N-N,yes,45,No,,B2,-N,sb1,spb2,Check,Check,No Nitrogen,2,3,12.63333333
3017,JY,2019,Havelock,282+N-N,yes,45,No,,B2,-N,sb1,spb2,Ames 27156,NC320,No Nitrogen,2,3,9.383333333
3019,JY,2019,Havelock,282+N-N,yes,45,No,,B2,-N,sb1,spb2,Check,Check,No Nitrogen,2,3,13.13333333
3021,JY,2019,Havelock,282+N-N,yes,45,No,,B2,-N,sb1,spb2,NSL 22893,F44,No Nitrogen,2,3,8.5
3023,JY,2019,Havelock,282+N-N,yes,45,No,,B2,-N,sb1,spb2,Ames 27134,M162W,No Nitrogen,2,3,12.01666667
3025,JY,2019,Havelock,282+N-N,yes,45,No,,B2,-N,sb1,spb2,Ames 28184,CML69,No Nitrogen,2,3,10.86666667
3027,JY,2019,Havelock,282+N-N,yes,45,No,,B2,-N,sb1,spb2,PI 550558,DE811,No Nitrogen,2,3,11.93333333
3029,JY,2019,Havelock,282+N-N,yes,45,No,,B2,-N,sb1,spb3,Ames 22748,H100,No Nitrogen,2,3,10.48333333
3031,JY,2019,Havelock,282+N-N,yes,45,No,,B2,-N,sb1,spb3,PI 558520,Mo1W,No Nitrogen,2,3,11.26666667
3033,JY,2019,Havelock,282+N-N,yes,45,No,,B2,-N,sb1,spb3,PI 506253,Tzi18,No Nitrogen,2,3,12.38333333
3035,JY,2019,Havelock,282+N-N,yes,45,No,,B2,-N,sb1,spb3,PI 506246,Tzi8,No Nitrogen,2,3,9
3037,JY,2019,Havelock,282+N-N,yes,45,No,,B2,-N,sb1,spb3,Check,Check,No Nitrogen,2,3,14.41666667
3039,JY,2019,Havelock,282+N-N,yes,45,No,,B2,-N,sb1,spb3,Ames 26808,Ill.Hy,No Nitrogen,2,3,11.95
3041,JY,2019,Havelock,282+N-N,yes,45,No,,B2,-N,sb1,spb3,PI 257506,F2,No Nitrogen,2,3,10.96666667
3043,JY,2019,Havelock,282+N-N,yes,45,No,,B2,-N,sb2,spb1,Ames 22443,A188,No Nitrogen,2,3,11.3
3045,JY,2019,Havelock,282+N-N,yes,45,No,,B2,-N,sb2,spb1,Ames 27068,CH9,No Nitrogen,2,3,10.28333333
3047,JY,2019,Havelock,282+N-N,yes,45,No,,B2,-N,sb2,spb1,PI 587143,A682,No Nitrogen,2,3,12.28333333
3049,JY,2019,Havelock,282+N-N,yes,45,No,,B2,-N,sb2,spb1,Check,Check,No Nitrogen,2,3,15.86666667
3051,JY,2019,Havelock,282+N-N,yes,45,No,,B2,-N,sb2,spb1,Ames 19311,A641,No Nitrogen,2,3,10.9
3053,JY,2019,Havelock,282+N-N,yes,45,No,,B2,-N,sb2,spb1,Ames 23450,A556,No Nitrogen,2,3,12.78333333
3055,JY,2019,Havelock,282+N-N,yes,45,No,,B2,-N,sb2,spb1,PI 587124,CM105,No Nitrogen,2,3,14.63333333
3057,JY,2019,Havelock,282+N-N,yes,45,No,,B2,-N,sb2,spb2,Ames 27135,MEF156-55-2,No Nitrogen,2,3,
3059,JY,2019,Havelock,282+N-N,yes,45,No,,B2,-N,sb2,spb2,Ames 20140,Mt42,No Nitrogen,2,3,11.2
3061,JY,2019,Havelock,282+N-N,yes,45,No,,B2,-N,sb2,spb2,PI 583352,Mo47,No Nitrogen,2,3,11.28333333
3063,JY,2019,Havelock,282+N-N,yes,45,No,,B2,-N,sb2,spb2,Check,Check,No Nitrogen,2,3,13.96666667
3065,JY,2019,Havelock,282+N-N,yes,45,No,,B2,-N,sb2,spb2,PI 587129,H99,No Nitrogen,2,3,10.669
3067,JY,2019,Havelock,282+N-N,yes,45,No,,B2,-N,sb2,spb2,PI 587127,H105W,No Nitrogen,2,3,11.78
3069,JY,2019,Havelock,282+N-N,yes,45,No,,B2,-N,sb2,spb2,Check,Check,No Nitrogen,2,3,15.58571429
3071,JY,2019,Havelock,282+N-N,yes,45,No,,B2,-N,sb2,spb3,PI 587145,NC268,No Nitrogen,2,3,14.05
3073,JY,2019,Havelock,282+N-N,yes,45,No,,B2,-N,sb2,spb3,Ames 27162,NC332,No Nitrogen,2,3,14.1
3075,JY,2019,Havelock,282+N-N,yes,45,No,,B2,-N,sb2,spb3,PI 587154,W153R,No Nitrogen,2,3,10
3077,JY,2019,Havelock,282+N-N,yes,45,No,,B2,-N,sb2,spb3,PI 550490,ND246,No Nitrogen,2,3,14.13333333
3079,JY,2019,Havelock,282+N-N,yes,45,No,,B2,-N,sb2,spb3,Ames 28186,P39,No Nitrogen,2,3,12.12857143
3081,JY,2019,Havelock,282+N-N,yes,45,No,,B2,-N,sb2,spb3,Ames 19016,Va59,No Nitrogen,2,3,10.61666667
3083,JY,2019,Havelock,282+N-N,yes,45,No,,B2,-N,sb2,spb3,PI 524969,SD44,No Nitrogen,2,3,8.166666667
3101,JY,2019,Havelock,282+N-N,yes,45,No,,B2,-N,sb1,spb1,Ames 27082,CML108,No Nitrogen,2,3,10.85
3103,JY,2019,Havelock,282+N-N,yes,45,No,,B2,-N,sb1,spb1,Check,Check,No Nitrogen,2,3,15.03333333
3105,JY,2019,Havelock,282+N-N,yes,45,No,,B2,-N,sb1,spb1,Check,Check,No Nitrogen,2,3,10.58333333
3107,JY,2019,Havelock,282+N-N,yes,45,No,,B2,-N,sb1,spb1,Check,Check,No Nitrogen,2,3,13.8
3109,JY,2019,Havelock,282+N-N,yes,45,No,,B2,-N,sb1,spb1,Check,Check,No Nitrogen,2,3,12.41666667
3111,JY,2019,Havelock,282+N-N,yes,45,No,,B2,-N,sb1,spb1,PI 550465,B68,No Nitrogen,2,3,16.06666667
3113,JY,2019,Havelock,282+N-N,yes,45,No,,B2,-N,sb1,spb1,Check,Check,No Nitrogen,2,3,15.38333333
3115,JY,2019,Havelock,282+N-N,yes,45,No,,B2,-N,sb1,spb2,Ames 27166,NC340,No Nitrogen,2,3,14.03333333
3117,JY,2019,Havelock,282+N-N,yes,45,No,,B2,-N,sb1,spb2,Ames 27169,NC346,No Nitrogen,2,3,11.98333333
3119,JY,2019,Havelock,282+N-N,yes,45,No,,B2,-N,sb1,spb2,Ames 27155,NC318,No Nitrogen,2,3,11.05
3121,JY,2019,Havelock,282+N-N,yes,45,No,,B2,-N,sb1,spb2,Ames 10248,GA209,No Nitrogen,2,3,12.06666667
3123,JY,2019,Havelock,282+N-N,yes,45,No,,B2,-N,sb1,spb2,Ames 27133,M37W,No Nitrogen,2,3,15.3
3125,JY,2019,Havelock,282+N-N,yes,45,No,,B2,-N,sb1,spb2,Ames 27165,NC338,No Nitrogen,2,3,16.48333333
3127,JY,2019,Havelock,282+N-N,yes,45,No,,B2,-N,sb1,spb2,Ames 27121,K64,No Nitrogen,2,3,14
3129,JY,2019,Havelock,282+N-N,yes,45,No,,B2,-N,sb1,spb3,PI 587147,Pa91,No Nitrogen,2,3,13.28333333
3131,JY,2019,Havelock,282+N-N,yes,45,No,,B2,-N,sb1,spb3,PI 550522,T232,No Nitrogen,2,3,9.783333333
3133,JY,2019,Havelock,282+N-N,yes,45,No,,B2,-N,sb1,spb3,Check,Check,No Nitrogen,2,3,15.21666667
3135,JY,2019,Havelock,282+N-N,yes,45,No,,B2,-N,sb1,spb3,PI 506255,Tzi25,No Nitrogen,2,3,13.26666667
3137,JY,2019,Havelock,282+N-N,yes,45,No,,B2,-N,sb1,spb3,PI 606330,DE2,No Nitrogen,2,3,13.66666667
3139,JY,2019,Havelock,282+N-N,yes,45,No,,B2,-N,sb1,spb3,Ames 27119,Il101T,No Nitrogen,2,3,10.63333333
3141,JY,2019,Havelock,282+N-N,yes,45,No,,B2,-N,sb1,spb3,Ames 27129,KUI2021,No Nitrogen,2,3,12.86666667
3143,JY,2019,Havelock,282+N-N,yes,45,No,,B2,-N,sb2,spb1,Ames 27067,C49A,No Nitrogen,2,3,10.24
3145,JY,2019,Havelock,282+N-N,yes,45,No,,B2,-N,sb2,spb1,PI 607521,A661,No Nitrogen,2,3,11.47142857
3147,JY,2019,Havelock,282+N-N,yes,45,No,,B2,-N,sb2,spb1,PI 608774,B75,No Nitrogen,2,3,12.61666667
3149,JY,2019,Havelock,282+N-N,yes,45,No,,B2,-N,sb2,spb1,PI 587139,A619,No Nitrogen,2,3,14.3
3151,JY,2019,Havelock,282+N-N,yes,45,No,,B2,-N,sb2,spb1,PI 594046,B103,No Nitrogen,2,3,16.66
3153,JY,2019,Havelock,282+N-N,yes,45,No,,B2,-N,sb2,spb1,NSL 81599,A659,No Nitrogen,2,3,14.2
3155,JY,2019,Havelock,282+N-N,yes,45,No,,B2,-N,sb2,spb1,PI 587138,A554,No Nitrogen,2,3,9.766666667
3157,JY,2019,Havelock,282+N-N,yes,45,No,,B2,-N,sb2,spb2,Ames 27106,CO125,No Nitrogen,2,3,8.966666667
3159,JY,2019,Havelock,282+N-N,yes,45,No,,B2,-N,sb2,spb2,PI 686057,I29,No Nitrogen,2,3,11.71666667
3161,JY,2019,Havelock,282+N-N,yes,45,No,,B2,-N,sb2,spb2,Ames 20190,CM37,No Nitrogen,2,3,10.01666667
3163,JY,2019,Havelock,282+N-N,yes,45,No,,B2,-N,sb2,spb2,Ames 24752,MS1334,No Nitrogen,2,3,10.76666667
3165,JY,2019,Havelock,282+N-N,yes,45,No,,B2,-N,sb2,spb2,Ames 27111,EP1,No Nitrogen,2,3,10.8
3167,JY,2019,Havelock,282+N-N,yes,45,No,,B2,-N,sb2,spb2,Ames 27107,CO255,No Nitrogen,2,3,14.1
3169,JY,2019,Havelock,282+N-N,yes,45,No,,B2,-N,sb2,spb2,PI 686063,IDS91,No Nitrogen,2,3,13.48333333
3171,JY,2019,Havelock,282+N-N,yes,45,No,,B2,-N,sb2,spb3,Ames 27152,NC312,No Nitrogen,2,3,13.2
3173,JY,2019,Havelock,282+N-N,yes,45,No,,B2,-N,sb2,spb3,Check,Check,No Nitrogen,2,3,15.35
3175,JY,2019,Havelock,282+N-N,yes,45,No,,B2,-N,sb2,spb3,Ames 19330,W182B,No Nitrogen,2,3,12.46666667
3177,JY,2019,Havelock,282+N-N,yes,45,No,,B2,-N,sb2,spb3,Ames 19288,Oh43,No Nitrogen,2,3,14.73333333
3179,JY,2019,Havelock,282+N-N,yes,45,No,,B2,-N,sb2,spb3,Ames 27154,NC316,No Nitrogen,2,3,14.8
3181,JY,2019,Havelock,282+N-N,yes,45,No,,B2,-N,sb2,spb3,Ames 27142,NC292,No Nitrogen,2,3,12.9
3183,JY,2019,Havelock,282+N-N,yes,45,No,,B2,-N,sb2,spb3,Ames 27163,NC334,No Nitrogen,2,3,13.2
3201,JY,2019,Havelock,282+N-N,yes,45,No,,B2,-N,sb1,spb1,PI 587130,4722,No Nitrogen,2,3,8.275
3203,JY,2019,Havelock,282+N-N,yes,45,No,,B2,-N,sb1,spb1,Check,Check,No Nitrogen,2,3,14.86666667
3205,JY,2019,Havelock,282+N-N,yes,45,No,,B2,-N,sb1,spb1,Ames 27096,CML322,No Nitrogen,2,3,10.28333333
3207,JY,2019,Havelock,282+N-N,yes,45,No,,B2,-N,sb1,spb1,Ames 27101,CML333,No Nitrogen,2,3,
3209,JY,2019,Havelock,282+N-N,yes,45,No,,B2,-N,sb1,spb1,Ames 27085,CML158Q,No Nitrogen,2,3,14.48333333
3211,JY,2019,Havelock,282+N-N,yes,45,No,,B2,-N,sb1,spb1,Check,Check,No Nitrogen,2,3,14.26666667
3213,JY,2019,Havelock,282+N-N,yes,45,No,,B2,-N,sb1,spb1,Ames 27086,CML218,No Nitrogen,2,3,11.86666667
3215,JY,2019,Havelock,282+N-N,yes,45,No,,B2,-N,sb1,spb2,Ames 27170,NC348,No Nitrogen,2,3,11.55
3217,JY,2019,Havelock,282+N-N,yes,45,No,,B2,-N,sb1,spb2,PI 531084,NC258,No Nitrogen,2,3,11.03333333
3219,JY,2019,Havelock,282+N-N,yes,45,No,,B2,-N,sb1,spb2,Ames 27144,NC296,No Nitrogen,2,3,11.96666667
3221,JY,2019,Havelock,282+N-N,yes,45,No,,B2,-N,sb1,spb2,NSL 30038,K4,No Nitrogen,2,3,7.583333333
3223,JY,2019,Havelock,282+N-N,yes,45,No,,B2,-N,sb1,spb2,PI 587144,Mo24W,No Nitrogen,2,3,13.85
3225,JY,2019,Havelock,282+N-N,yes,45,No,,B2,-N,sb1,spb2,Ames 27110,E2558W,No Nitrogen,2,3,14.4375
3227,JY,2019,Havelock,282+N-N,yes,45,No,,B2,-N,sb1,spb2,Ames 12729,NC222,No Nitrogen,2,3,8.733333333
3229,JY,2019,Havelock,282+N-N,yes,45,No,,B2,-N,sb1,spb3,Ames 27131,Ky226,No Nitrogen,2,3,10.5
3231,JY,2019,Havelock,282+N-N,yes,45,No,,B2,-N,sb1,spb3,Check,Check,No Nitrogen,2,3,13.98333333
3233,JY,2019,Havelock,282+N-N,yes,45,No,,B2,-N,sb1,spb3,PI 506247,Tzi9,No Nitrogen,2,3,10.23333333
3235,JY,2019,Havelock,282+N-N,yes,45,No,,B2,-N,sb1,spb3,Ames 27189,SC55,No Nitrogen,2,3,8.3875
3237,JY,2019,Havelock,282+N-N,yes,45,No,,B2,-N,sb1,spb3,PI 540745,Tzi11,No Nitrogen,2,3,10.18333333
3239,JY,2019,Havelock,282+N-N,yes,45,No,,B2,-N,sb1,spb3,Ames 27179,NC366,No Nitrogen,2,3,12.58
3241,JY,2019,Havelock,282+N-N,yes,45,No,,B2,-N,sb1,spb3,Check,Check,No Nitrogen,2,3,14.03333333
3243,JY,2019,Havelock,282+N-N,yes,45,No,,B2,-N,sb2,spb1,Ames 23405,A239,No Nitrogen,2,3,12.6
3245,JY,2019,Havelock,282+N-N,yes,45,No,,B2,-N,sb2,spb1,Ames 19313,C123,No Nitrogen,2,3,
3247,JY,2019,Havelock,282+N-N,yes,45,No,,B2,-N,sb2,spb1,Ames 19316,CM174,No Nitrogen,2,3,13.96666667
3249,JY,2019,Havelock,282+N-N,yes,45,No,,B2,-N,sb2,spb1,PI 550483,B76,No Nitrogen,2,3,12.175
3251,JY,2019,Havelock,282+N-N,yes,45,No,,B2,-N,sb2,spb1,PI 587141,A654,No Nitrogen,2,3,15.55714286
3253,JY,2019,Havelock,282+N-N,yes,45,No,,B2,-N,sb2,spb1,PI 550440,B64,No Nitrogen,2,3,14.28333333
3255,JY,2019,Havelock,282+N-N,yes,45,No,,B2,-N,sb2,spb1,Ames 19308,A634,No Nitrogen,2,3,14.51666667
3257,JY,2019,Havelock,282+N-N,yes,45,No,,B2,-N,sb2,spb2,Ames 24734,MS153,No Nitrogen,2,3,12.5
3259,JY,2019,Havelock,282+N-N,yes,45,No,,B2,-N,sb2,spb2,PI 257507,F7,No Nitrogen,2,3,12.33333333
3261,JY,2019,Havelock,282+N-N,yes,45,No,,B2,-N,sb2,spb2,Ames 27105,CO106,No Nitrogen,2,3,11.6
3263,JY,2019,Havelock,282+N-N,yes,45,No,,B2,-N,sb2,spb2,Ames 27104,CMV3,No Nitrogen,2,3,10.45
3265,JY,2019,Havelock,282+N-N,yes,45,No,,B2,-N,sb2,spb2,NSL 30867,M14,No Nitrogen,2,3,11.4
3267,JY,2019,Havelock,282+N-N,yes,45,No,,B2,-N,sb2,spb2,Ames 28364,IA2132,No Nitrogen,2,3,16.28333333
3269,JY,2019,Havelock,282+N-N,yes,45,No,,B2,-N,sb2,spb2,Ames 27070,CM7,No Nitrogen,2,3,10.625
3271,JY,2019,Havelock,282+N-N,yes,45,No,,B2,-N,sb2,spb3,PI 531085,NC262,No Nitrogen,2,3,11.48333333
3273,JY,2019,Havelock,282+N-N,yes,45,No,,B2,-N,sb2,spb3,Check,Check,No Nitrogen,2,3,15.46666667
3275,JY,2019,Havelock,282+N-N,yes,45,No,,B2,-N,sb2,spb3,Ames 19326,R168,No Nitrogen,2,3,9.625
3277,JY,2019,Havelock,282+N-N,yes,45,No,,B2,-N,sb2,spb3,Ames 27150,NC308,No Nitrogen,2,3,13.68333333
3279,JY,2019,Havelock,282+N-N,yes,45,No,,B2,-N,sb2,spb3,PI 550566,N192,No Nitrogen,2,3,16.95
3281,JY,2019,Havelock,282+N-N,yes,45,No,,B2,-N,sb2,spb3,Ames 27161,NC330,No Nitrogen,2,3,15.83333333
3283,JY,2019,Havelock,282+N-N,yes,45,No,,B2,-N,sb2,spb3,Check,Check,No Nitrogen,2,3,17.08333333
3301,JY,2019,Havelock,282+N-N,yes,45,No,,B2,-N,sb3,spb1,Ames 19309,A635,No Nitrogen,2,3,8.914285714
3303,JY,2019,Havelock,282+N-N,yes,45,No,,B2,-N,sb3,spb1,Check,Check,No Nitrogen,2,3,14.68333333
3305,JY,2019,Havelock,282+N-N,yes,45,No,,B2,-N,sb3,spb1,Ames 26138,CI187-2,No Nitrogen,2,3,11.73333333
3307,JY,2019,Havelock,282+N-N,yes,45,No,,B2,-N,sb3,spb1,Ames 27087,CML220,No Nitrogen,2,3,10.31666667
3309,JY,2019,Havelock,282+N-N,yes,45,No,,B2,-N,sb3,spb1,PI 608766,B79,No Nitrogen,2,3,9.457142857
3311,JY,2019,Havelock,282+N-N,yes,45,No,,B2,-N,sb3,spb1,Ames 27083,CML154Q,No Nitrogen,2,3,15.16666667
3313,JY,2019,Havelock,282+N-N,yes,45,No,,B2,-N,sb3,spb1,Ames 27112,F2834T,No Nitrogen,2,3,11.31666667
3315,JY,2019,Havelock,282+N-N,yes,45,No,,B2,-N,sb3,spb2,Check,Check,No Nitrogen,2,3,15.93333333
3317,JY,2019,Havelock,282+N-N,yes,45,No,,B2,-N,sb3,spb2,Ames 27164,NC336,No Nitrogen,2,3,14.18
3319,JY,2019,Havelock,282+N-N,yes,45,No,,B2,-N,sb3,spb2,Ames 12732,NC232,No Nitrogen,2,3,12.85
3321,JY,2019,Havelock,282+N-N,yes,45,No,,B2,-N,sb3,spb2,Ames 27137,N6,No Nitrogen,2,3,12.71666667
3323,JY,2019,Havelock,282+N-N,yes,45,No,,B2,-N,sb3,spb2,PI 583351,Mo46,No Nitrogen,2,3,11.86
3325,JY,2019,Havelock,282+N-N,yes,45,No,,B2,-N,sb3,spb2,Ames 27147,NC302,No Nitrogen,2,3,11.13333333
3327,JY,2019,Havelock,282+N-N,yes,45,No,,B2,-N,sb3,spb2,Ames 28366,N7A,No Nitrogen,2,3,11.83333333
3329,JY,2019,Havelock,282+N-N,yes,45,No,,B2,-N,sb3,spb3,Ames 27183,Oh43E,No Nitrogen,2,3,11.33333333
3331,JY,2019,Havelock,282+N-N,yes,45,No,,B2,-N,sb3,spb3,Ames 19323,Oh7B,No Nitrogen,2,3,17.36666667
3333,JY,2019,Havelock,282+N-N,yes,45,No,,B2,-N,sb3,spb3,Ames 27184,Pa762,No Nitrogen,2,3,11.93333333
3335,JY,2019,Havelock,282+N-N,yes,45,No,,B2,-N,sb3,spb3,PI 587150,Va35,No Nitrogen,2,3,11.98333333
3337,JY,2019,Havelock,282+N-N,yes,45,No,,B2,-N,sb3,spb3,PI 587152,W64A,No Nitrogen,2,3,11.7
3339,JY,2019,Havelock,282+N-N,yes,45,No,,B2,-N,sb3,spb3,PI 686065,SA24,No Nitrogen,2,3,13.88571429
3341,JY,2019,Havelock,282+N-N,yes,45,No,,B2,-N,sb3,spb3,Check,Check,No Nitrogen,2,3,12.58333333
3343,JY,2019,Havelock,282+N-N,yes,45,No,,B2,-N,sb4,spb1,PI 564682,B97,No Nitrogen,2,3,11.73333333
3345,JY,2019,Havelock,282+N-N,yes,45,No,,B2,-N,sb4,spb1,NSL 30904,4226,No Nitrogen,2,3,12.75
3347,JY,2019,Havelock,282+N-N,yes,45,No,,B2,-N,sb4,spb1,PI 550467,B37,No Nitrogen,2,3,13
3349,JY,2019,Havelock,282+N-N,yes,45,No,,B2,-N,sb4,spb1,PI 550469,B46,No Nitrogen,2,3,16.58571429
3351,JY,2019,Havelock,282+N-N,yes,45,No,,B2,-N,sb4,spb1,PI 608767,B84,No Nitrogen,2,3,14.35
3353,JY,2019,Havelock,282+N-N,yes,45,No,,B2,-N,sb4,spb1,PI 597927,B109,No Nitrogen,2,3,14.77142857
3355,JY,2019,Havelock,282+N-N,yes,45,No,,B2,-N,sb4,spb1,Ames 27065,B73Htrhm,No Nitrogen,2,3,11.48
3357,JY,2019,Havelock,282+N-N,yes,45,No,,B2,-N,sb4,spb2,NSL 30894,R177,No Nitrogen,2,3,13.28571429
3359,JY,2019,Havelock,282+N-N,yes,45,No,,B2,-N,sb4,spb2,NSL 65874,Os420,No Nitrogen,2,3,13.2
3361,JY,2019,Havelock,282+N-N,yes,45,No,,B2,-N,sb4,spb2,Ames 27159,NC326,No Nitrogen,2,3,14.88333333
3363,JY,2019,Havelock,282+N-N,yes,45,No,,B2,-N,sb4,spb2,Ames 27143,NC294,No Nitrogen,2,3,11.71666667
3365,JY,2019,Havelock,282+N-N,yes,45,No,,B2,-N,sb4,spb2,Ames 27180,NC368,No Nitrogen,2,3,10.3
3367,JY,2019,Havelock,282+N-N,yes,45,No,,B2,-N,sb4,spb2,Ames 27118,Il14H,No Nitrogen,2,3,10.1875
3369,JY,2019,Havelock,282+N-N,yes,45,No,,B2,-N,sb4,spb2,NSL 28966,Oh40B,No Nitrogen,2,3,16.92
3371,JY,2019,Havelock,282+N-N,yes,45,No,,B2,-N,sb4,spb3,PI 587132,Sg1533,No Nitrogen,2,3,11.91666667
3373,JY,2019,Havelock,282+N-N,yes,45,No,,B2,-N,sb4,spb3,Ames 28290,C49,No Nitrogen,2,3,7.525
3375,JY,2019,Havelock,282+N-N,yes,45,No,,B2,-N,sb4,spb3,PI 587149,Va26,No Nitrogen,2,3,10.5
3377,JY,2019,Havelock,282+N-N,yes,45,No,,B2,-N,sb4,spb3,Check,Check,No Nitrogen,2,3,13.9
3379,JY,2019,Havelock,282+N-N,yes,45,No,,B2,-N,sb4,spb3,Ames 24989,Va99,No Nitrogen,2,3,14.11666667
3381,JY,2019,Havelock,282+N-N,yes,45,No,,B2,-N,sb4,spb3,Ames 27196,Yu796_NS,No Nitrogen,2,3,8.8
3383,JY,2019,Havelock,282+N-N,yes,45,No,,B2,-N,sb4,spb3,PI 550518,T8,No Nitrogen,2,3,10.18333333
3401,JY,2019,Havelock,282+N-N,yes,45,No,,B2,-N,sb3,spb1,PI 587131,HP301,No Nitrogen,2,3,
3403,JY,2019,Havelock,282+N-N,yes,45,No,,B2,-N,sb3,spb1,PI 550472,B57,No Nitrogen,2,3,
3405,JY,2019,Havelock,282+N-N,yes,45,No,,B2,-N,sb3,spb1,PI 594047,B104,No Nitrogen,2,3,10.83333333
3407,JY,2019,Havelock,282+N-N,yes,45,No,,B2,-N,sb3,spb1,Ames 22754,K55,No Nitrogen,2,3,
3409,JY,2019,Havelock,282+N-N,yes,45,No,,B2,-N,sb3,spb1,Check,Check,No Nitrogen,2,3,14.71666667
3411,JY,2019,Havelock,282+N-N,yes,45,No,,B2,-N,sb3,spb1,Check,Check,No Nitrogen,2,3,15
3413,JY,2019,Havelock,282+N-N,yes,45,No,,B2,-N,sb3,spb1,Ames 21512,CI31A,No Nitrogen,2,3,9.928571429
3415,JY,2019,Havelock,282+N-N,yes,45,No,,B2,-N,sb3,spb2,Ames 27172,NC352,No Nitrogen,2,3,13.91666667
3417,JY,2019,Havelock,282+N-N,yes,45,No,,B2,-N,sb3,spb2,Check,Check,No Nitrogen,2,3,16.12
3419,JY,2019,Havelock,282+N-N,yes,45,No,,B2,-N,sb3,spb2,PI 520774,NC264,No Nitrogen,2,3,10.56666667
3421,JY,2019,Havelock,282+N-N,yes,45,No,,B2,-N,sb3,spb2,Ames 27138,N28Ht,No Nitrogen,2,3,12.41428571
3423,JY,2019,Havelock,282+N-N,yes,45,No,,B2,-N,sb3,spb2,PI 543916,Mp339,No Nitrogen,2,3,
3425,JY,2019,Havelock,282+N-N,yes,45,No,,B2,-N,sb3,spb2,Ames 27141,NC290A,No Nitrogen,2,3,14.71666667
3427,JY,2019,Havelock,282+N-N,yes,45,No,,B2,-N,sb3,spb2,PI 550555,NC250,No Nitrogen,2,3,
3429,JY,2019,Havelock,282+N-N,yes,45,No,,B2,-N,sb3,spb3,Ames 19000,VaW6,No Nitrogen,2,3,16.6
3431,JY,2019,Havelock,282+N-N,yes,45,No,,B2,-N,sb3,spb3,NSL 53094,SC357,No Nitrogen,2,3,
3433,JY,2019,Havelock,282+N-N,yes,45,No,,B2,-N,sb3,spb3,Ames 27185,Pa875,No Nitrogen,2,3,13.26666667
3435,JY,2019,Havelock,282+N-N,yes,45,No,,B2,-N,sb3,spb3,Ames 27181,NC370,No Nitrogen,2,3,9.833333333
3437,JY,2019,Havelock,282+N-N,yes,45,No,,B2,-N,sb3,spb3,Check,Check,No Nitrogen,2,3,
3439,JY,2019,Havelock,282+N-N,yes,45,No,,B2,-N,sb3,spb3,Ames 8399,W117HT,No Nitrogen,2,3,9.666666667
3441,JY,2019,Havelock,282+N-N,yes,45,No,,B2,-N,sb3,spb3,PI 587151,Va102,No Nitrogen,2,3,12.58333333
3443,JY,2019,Havelock,282+N-N,yes,45,No,,B2,-N,sb4,spb1,PI 587140,A632,No Nitrogen,2,3,15.2
3445,JY,2019,Havelock,282+N-N,yes,45,No,,B2,-N,sb4,spb1,Check,Check,No Nitrogen,2,3,13.9
3447,JY,2019,Havelock,282+N-N,yes,45,No,,B2,-N,sb4,spb1,Ames 27069,CH701-30,No Nitrogen,2,3,10.025
3449,JY,2019,Havelock,282+N-N,yes,45,No,,B2,-N,sb4,spb1,PI 550461,B14A,No Nitrogen,2,3,10.4
3451,JY,2019,Havelock,282+N-N,yes,45,No,,B2,-N,sb4,spb1,PI 608765,B77,No Nitrogen,2,3,14.86666667
3453,JY,2019,Havelock,282+N-N,yes,45,No,,B2,-N,sb4,spb1,PI 686059,IDS28,No Nitrogen,2,3,10.56
3455,JY,2019,Havelock,282+N-N,yes,45,No,,B2,-N,sb4,spb1,Ames 23503,A680,No Nitrogen,2,3,13.64
3457,JY,2019,Havelock,282+N-N,yes,45,No,,B2,-N,sb4,spb2,Ames 28939,Mo44,No Nitrogen,2,3,14.51666667
3459,JY,2019,Havelock,282+N-N,yes,45,No,,B2,-N,sb4,spb2,Ames 27149,NC306,No Nitrogen,2,3,12.46666667
3461,JY,2019,Havelock,282+N-N,yes,45,No,,B2,-N,sb4,spb2,Check,Check,No Nitrogen,2,3,14.2
3463,JY,2019,Havelock,282+N-N,yes,45,No,,B2,-N,sb4,spb2,PI 517974,Pa880,No Nitrogen,2,3,10.33333333
3465,JY,2019,Havelock,282+N-N,yes,45,No,,B2,-N,sb4,spb2,Ames 27178,NC364,No Nitrogen,2,3,8.866666667
3467,JY,2019,Havelock,282+N-N,yes,45,No,,B2,-N,sb4,spb2,Ames 27168,NC344,No Nitrogen,2,3,
3469,JY,2019,Havelock,282+N-N,yes,45,No,,B2,-N,sb4,spb2,NSL 65873,L317,No Nitrogen,2,3,12.7
3471,JY,2019,Havelock,282+N-N,yes,45,No,,B2,-N,sb4,spb3,Ames 19328,Va22,No Nitrogen,2,3,14.43333333
3473,JY,2019,Havelock,282+N-N,yes,45,No,,B2,-N,sb4,spb3,Ames 27187,R4,No Nitrogen,2,3,12.8
3475,JY,2019,Havelock,282+N-N,yes,45,No,,B2,-N,sb4,spb3,Ames 31535,38-11Goodman-Buckler,No Nitrogen,2,3,15.26666667
3477,JY,2019,Havelock,282+N-N,yes,45,No,,B2,-N,sb4,spb3,CIze 44,CI44,No Nitrogen,2,3,13.2
3479,JY,2019,Havelock,282+N-N,yes,45,No,,B2,-N,sb4,spb3,Ames 31534,CI90CGoodman-Buckler,No Nitrogen,2,3,
3481,JY,2019,Havelock,282+N-N,yes,45,No,,B2,-N,sb4,spb3,Ames 28367,CI7Goodman-Buckler,No Nitrogen,2,3,12.33333333
3483,JY,2019,Havelock,282+N-N,yes,45,No,,B2,-N,sb4,spb3,Check,Check,No Nitrogen,2,3,14.16666667
3501,JY,2019,Havelock,282+N-N,yes,45,No,,B2,-N,sb3,spb1,Ames 27097,CML323,No Nitrogen,2,3,12.56666667
3503,JY,2019,Havelock,282+N-N,yes,45,No,,B2,-N,sb3,spb1,PI 606329,DE1,No Nitrogen,2,3,11.15
3505,JY,2019,Havelock,282+N-N,yes,45,No,,B2,-N,sb3,spb1,Ames 27120,Il677a,No Nitrogen,2,3,12.11666667
3507,JY,2019,Havelock,282+N-N,yes,45,No,,B2,-N,sb3,spb1,Ames 22440,CI90C,No Nitrogen,2,3,13.06666667
3509,JY,2019,Havelock,282+N-N,yes,45,No,,B2,-N,sb3,spb1,PI 587128,H84,No Nitrogen,2,3,10.7
3511,JY,2019,Havelock,282+N-N,yes,45,No,,B2,-N,sb3,spb1,Ames 19319,H95,No Nitrogen,2,3,10.8
3513,JY,2019,Havelock,282+N-N,yes,45,No,,B2,-N,sb3,spb1,PI 594048,B105,No Nitrogen,2,3,14.48333333
3515,JY,2019,Havelock,282+N-N,yes,45,No,,B2,-N,sb3,spb2,Ames 27158,NC324,No Nitrogen,2,3,12.7
3517,JY,2019,Havelock,282+N-N,yes,45,No,,B2,-N,sb3,spb2,Ames 27260,Ki44,No Nitrogen,2,3,9
3519,JY,2019,Havelock,282+N-N,yes,45,No,,B2,-N,sb3,spb2,Check,Check,No Nitrogen,2,3,13.28333333
3521,JY,2019,Havelock,282+N-N,yes,45,No,,B2,-N,sb3,spb2,Ames 27175,NC358,No Nitrogen,2,3,11.98333333
3523,JY,2019,Havelock,282+N-N,yes,45,No,,B2,-N,sb3,spb2,Ames 27174,NC356,No Nitrogen,2,3,8.8
3525,JY,2019,Havelock,282+N-N,yes,45,No,,B2,-N,sb3,spb2,Check,Check,No Nitrogen,2,3,16.1
3527,JY,2019,Havelock,282+N-N,yes,45,No,,B2,-N,sb3,spb2,Ames 12731,NC230,No Nitrogen,2,3,9.683333333
3529,JY,2019,Havelock,282+N-N,yes,45,No,,B2,-N,sb3,spb3,NSL 30053,W22,No Nitrogen,2,3,11.66666667
3531,JY,2019,Havelock,282+N-N,yes,45,No,,B2,-N,sb3,spb3,Ames 27182,NC372,No Nitrogen,2,3,12.65
3533,JY,2019,Havelock,282+N-N,yes,45,No,,B2,-N,sb3,spb3,PI 573098,Oh603,No Nitrogen,2,3,13.38333333
3535,JY,2019,Havelock,282+N-N,yes,45,No,,B2,-N,sb3,spb3,Ames 27194,W401,No Nitrogen,2,3,13.63333333
3537,JY,2019,Havelock,282+N-N,yes,45,No,,B2,-N,sb3,spb3,Ames 27176,NC360,No Nitrogen,2,3,12.7
3539,JY,2019,Havelock,282+N-N,yes,45,No,,B2,-N,sb3,spb3,Ames 27190,T234,No Nitrogen,2,3,13.7
3541,JY,2019,Havelock,282+N-N,yes,45,No,,B2,-N,sb3,spb3,PI 686066,SG18,No Nitrogen,2,3,13.8
3543,JY,2019,Havelock,282+N-N,yes,45,No,,B2,-N,sb4,spb1,Ames 26769,B2,No Nitrogen,2,3,
3545,JY,2019,Havelock,282+N-N,yes,45,No,,B2,-N,sb4,spb1,Ames 27114,H91,No Nitrogen,2,3,21.25
3547,JY,2019,Havelock,282+N-N,yes,45,No,,B2,-N,sb4,spb1,Ames 27066,B164,No Nitrogen,2,3,15.96666667
3549,JY,2019,Havelock,282+N-N,yes,45,No,,B2,-N,sb4,spb1,PI 550473,B73,No Nitrogen,2,3,12.26666667
3551,JY,2019,Havelock,282+N-N,yes,45,No,,B2,-N,sb4,spb1,Check,Check,No Nitrogen,2,3,13.88333333
3553,JY,2019,Havelock,282+N-N,yes,45,No,,B2,-N,sb4,spb1,Check,Check,No Nitrogen,2,3,14.23333333
3555,JY,2019,Havelock,282+N-N,yes,45,No,,B2,-N,sb4,spb1,PI 587142,A679,No Nitrogen,2,3,11.68333333
3557,JY,2019,Havelock,282+N-N,yes,45,No,,B2,-N,sb4,spb2,Ames 27167,NC342,No Nitrogen,2,3,14.43333333
3559,JY,2019,Havelock,282+N-N,yes,45,No,,B2,-N,sb4,spb2,PI 558532,Mo17,No Nitrogen,2,3,14.1
3561,JY,2019,Havelock,282+N-N,yes,45,No,,B2,-N,sb4,spb2,Ames 27177,NC362,No Nitrogen,2,3,13.03333333
3563,JY,2019,Havelock,282+N-N,yes,45,No,,B2,-N,sb4,spb2,Ames 27160,NC328,No Nitrogen,2,3,12.76666667
3565,JY,2019,Havelock,282+N-N,yes,45,No,,B2,-N,sb4,spb2,Ames 27151,NC310,No Nitrogen,2,3,11.375
3567,JY,2019,Havelock,282+N-N,yes,45,No,,B2,-N,sb4,spb2,PI 583350,Mo45,No Nitrogen,2,3,16.83333333
3569,JY,2019,Havelock,282+N-N,yes,45,No,,B2,-N,sb4,spb2,Ames 27140,NC260,No Nitrogen,2,3,
3571,JY,2019,Havelock,282+N-N,yes,45,No,,B2,-N,sb4,spb3,Ames 19293,Wf9,No Nitrogen,2,3,14.6
3573,JY,2019,Havelock,282+N-N,yes,45,No,,B2,-N,sb4,spb3,PI 606768,SD40,No Nitrogen,2,3,15.06
3575,JY,2019,Havelock,282+N-N,yes,45,No,,B2,-N,sb4,spb3,PI 587125,CO109,No Nitrogen,2,3,11.32
3577,JY,2019,Havelock,282+N-N,yes,45,No,,B2,-N,sb4,spb3,Ames 26771,33-16,No Nitrogen,2,3,12.2
3579,JY,2019,Havelock,282+N-N,yes,45,No,,B2,-N,sb4,spb3,Ames 31536,A214NGoodman-Buckler,No Nitrogen,2,3,14.53333333
3581,JY,2019,Havelock,282+N-N,yes,45,No,,B2,-N,sb4,spb3,PI 592734,R229,No Nitrogen,2,3,12.33333333
3583,JY,2019,Havelock,282+N-N,yes,45,No,,B2,-N,sb4,spb3,Ames 27193,Va85,No Nitrogen,2,3,14.38333333
4001,JY,2019,Havelock,282+N-N,yes,45,No,,B2,+N,sb1,spb1,PI 550467,B37,Nitrogen,2,4,11.65
4003,JY,2019,Havelock,282+N-N,yes,45,No,,B2,+N,sb1,spb1,PI 550461,B14A,Nitrogen,2,4,16.8
4005,JY,2019,Havelock,282+N-N,yes,45,No,,B2,+N,sb1,spb1,NSL 30904,4226,Nitrogen,2,4,14.18333333
4007,JY,2019,Havelock,282+N-N,yes,45,No,,B2,+N,sb1,spb1,PI 564682,B97,Nitrogen,2,4,10.96666667
4009,JY,2019,Havelock,282+N-N,yes,45,No,,B2,+N,sb1,spb1,PI 550473,B73,Nitrogen,2,4,12.74285714
4011,JY,2019,Havelock,282+N-N,yes,45,No,,B2,+N,sb1,spb1,PI 587142,A679,Nitrogen,2,4,13.88333333
4013,JY,2019,Havelock,282+N-N,yes,45,No,,B2,+N,sb1,spb1,Check,Check,Nitrogen,2,4,18.33333333
4015,JY,2019,Havelock,282+N-N,yes,45,No,,B2,+N,sb1,spb2,Ames 27177,NC362,Nitrogen,2,4,11.54285714
4017,JY,2019,Havelock,282+N-N,yes,45,No,,B2,+N,sb1,spb2,Ames 27167,NC342,Nitrogen,2,4,12.38333333
4019,JY,2019,Havelock,282+N-N,yes,45,No,,B2,+N,sb1,spb2,Ames 27178,NC364,Nitrogen,2,4,11.28333333
4021,JY,2019,Havelock,282+N-N,yes,45,No,,B2,+N,sb1,spb2,Ames 27143,NC294,Nitrogen,2,4,11.86666667
4023,JY,2019,Havelock,282+N-N,yes,45,No,,B2,+N,sb1,spb2,Check,Check,Nitrogen,2,4,19.1
4025,JY,2019,Havelock,282+N-N,yes,45,No,,B2,+N,sb1,spb2,Ames 27140,NC260,Nitrogen,2,4,
4027,JY,2019,Havelock,282+N-N,yes,45,No,,B2,+N,sb1,spb2,Ames 27160,NC328,Nitrogen,2,4,13.7
4029,JY,2019,Havelock,282+N-N,yes,45,No,,B2,+N,sb1,spb3,Ames 19328,Va22,Nitrogen,2,4,16.98333333
4031,JY,2019,Havelock,282+N-N,yes,45,No,,B2,+N,sb1,spb3,Ames 19293,Wf9,Nitrogen,2,4,10.66666667
4033,JY,2019,Havelock,282+N-N,yes,45,No,,B2,+N,sb1,spb3,Ames 31534,CI90CGoodman-Buckler,Nitrogen,2,4,11.38333333
4035,JY,2019,Havelock,282+N-N,yes,45,No,,B2,+N,sb1,spb3,Ames 27196,Yu796_NS,Nitrogen,2,4,10.28333333
4037,JY,2019,Havelock,282+N-N,yes,45,No,,B2,+N,sb1,spb3,PI 550518,T8,Nitrogen,2,4,12.98333333
4039,JY,2019,Havelock,282+N-N,yes,45,No,,B2,+N,sb1,spb3,Ames 26771,33-16,Nitrogen,2,4,13.61666667
4041,JY,2019,Havelock,282+N-N,yes,45,No,,B2,+N,sb1,spb3,PI 587149,Va26,Nitrogen,2,4,13.65
4043,JY,2019,Havelock,282+N-N,yes,45,No,,B2,+N,sb2,spb1,Ames 27097,CML323,Nitrogen,2,4,13.66666667
4045,JY,2019,Havelock,282+N-N,yes,45,No,,B2,+N,sb2,spb1,Ames 19319,H95,Nitrogen,2,4,13.8
4047,JY,2019,Havelock,282+N-N,yes,45,No,,B2,+N,sb2,spb1,PI 608766,B79,Nitrogen,2,4,9.866666667
4049,JY,2019,Havelock,282+N-N,yes,45,No,,B2,+N,sb2,spb1,PI 606329,DE1,Nitrogen,2,4,12.5
4051,JY,2019,Havelock,282+N-N,yes,45,No,,B2,+N,sb2,spb1,Ames 27112,F2834T,Nitrogen,2,4,11.98333333
4053,JY,2019,Havelock,282+N-N,yes,45,No,,B2,+N,sb2,spb1,Ames 19309,A635,Nitrogen,2,4,13.73333333
4055,JY,2019,Havelock,282+N-N,yes,45,No,,B2,+N,sb2,spb1,PI 594048,B105,Nitrogen,2,4,16.61666667
4057,JY,2019,Havelock,282+N-N,yes,45,No,,B2,+N,sb2,spb2,Ames 27138,N28Ht,Nitrogen,2,4,11.5
4059,JY,2019,Havelock,282+N-N,yes,45,No,,B2,+N,sb2,spb2,Ames 27158,NC324,Nitrogen,2,4,10.88571429
4061,JY,2019,Havelock,282+N-N,yes,45,No,,B2,+N,sb2,spb2,PI 520774,NC264,Nitrogen,2,4,11.45
4063,JY,2019,Havelock,282+N-N,yes,45,No,,B2,+N,sb2,spb2,Ames 27175,NC358,Nitrogen,2,4,11.75
4065,JY,2019,Havelock,282+N-N,yes,45,No,,B2,+N,sb2,spb2,Check,Check,Nitrogen,2,4,17.56666667
4067,JY,2019,Havelock,282+N-N,yes,45,No,,B2,+N,sb2,spb2,PI 583351,Mo46,Nitrogen,2,4,9.55
4069,JY,2019,Havelock,282+N-N,yes,45,No,,B2,+N,sb2,spb2,Ames 27141,NC290A,Nitrogen,2,4,12.08333333
4071,JY,2019,Havelock,282+N-N,yes,45,No,,B2,+N,sb2,spb3,Ames 27190,T234,Nitrogen,2,4,12.55
4073,JY,2019,Havelock,282+N-N,yes,45,No,,B2,+N,sb2,spb3,Ames 8399,W117HT,Nitrogen,2,4,8.55
4075,JY,2019,Havelock,282+N-N,yes,45,No,,B2,+N,sb2,spb3,PI 587151,Va102,Nitrogen,2,4,14.26666667
4077,JY,2019,Havelock,282+N-N,yes,45,No,,B2,+N,sb2,spb3,PI 686066,SG18,Nitrogen,2,4,11.9
4079,JY,2019,Havelock,282+N-N,yes,45,No,,B2,+N,sb2,spb3,Ames 19000,VaW6,Nitrogen,2,4,19.26666667
4081,JY,2019,Havelock,282+N-N,yes,45,No,,B2,+N,sb2,spb3,PI 573098,Oh603,Nitrogen,2,4,13.2
4083,JY,2019,Havelock,282+N-N,yes,45,No,,B2,+N,sb2,spb3,PI 587150,Va35,Nitrogen,2,4,11.46666667
4101,JY,2019,Havelock,282+N-N,yes,45,No,,B2,+N,sb1,spb1,PI 608765,B77,Nitrogen,2,4,9.975
4103,JY,2019,Havelock,282+N-N,yes,45,No,,B2,+N,sb1,spb1,Ames 23503,A680,Nitrogen,2,4,14.03333333
4105,JY,2019,Havelock,282+N-N,yes,45,No,,B2,+N,sb1,spb1,Check,Check,Nitrogen,2,4,18.9
4107,JY,2019,Havelock,282+N-N,yes,45,No,,B2,+N,sb1,spb1,PI 686059,IDS28,Nitrogen,2,4,8.975
4109,JY,2019,Havelock,282+N-N,yes,45,No,,B2,+N,sb1,spb1,PI 550469,B46,Nitrogen,2,4,17.78333333
4111,JY,2019,Havelock,282+N-N,yes,45,No,,B2,+N,sb1,spb1,Ames 27114,H91,Nitrogen,2,4,16.22
4113,JY,2019,Havelock,282+N-N,yes,45,No,,B2,+N,sb1,spb1,PI 597927,B109,Nitrogen,2,4,14.88333333
4115,JY,2019,Havelock,282+N-N,yes,45,No,,B2,+N,sb1,spb2,Ames 27151,NC310,Nitrogen,2,4,13.26666667
4117,JY,2019,Havelock,282+N-N,yes,45,No,,B2,+N,sb1,spb2,NSL 30894,R177,Nitrogen,2,4,14.01666667
4119,JY,2019,Havelock,282+N-N,yes,45,No,,B2,+N,sb1,spb2,Ames 27118,Il14H,Nitrogen,2,4,10.03333333
4121,JY,2019,Havelock,282+N-N,yes,45,No,,B2,+N,sb1,spb2,NSL 65873,L317,Nitrogen,2,4,15.17142857
4123,JY,2019,Havelock,282+N-N,yes,45,No,,B2,+N,sb1,spb2,Ames 27149,NC306,Nitrogen,2,4,13.18333333
4125,JY,2019,Havelock,282+N-N,yes,45,No,,B2,+N,sb1,spb2,NSL 65874,Os420,Nitrogen,2,4,12
4127,JY,2019,Havelock,282+N-N,yes,45,No,,B2,+N,sb1,spb2,PI 583350,Mo45,Nitrogen,2,4,17.31666667
4129,JY,2019,Havelock,282+N-N,yes,45,No,,B2,+N,sb1,spb3,Ames 27187,R4,Nitrogen,2,4,14.08333333
4131,JY,2019,Havelock,282+N-N,yes,45,No,,B2,+N,sb1,spb3,PI 606768,SD40,Nitrogen,2,4,11.5
4133,JY,2019,Havelock,282+N-N,yes,45,No,,B2,+N,sb1,spb3,Check,Check,Nitrogen,2,4,18.33333333
4135,JY,2019,Havelock,282+N-N,yes,45,No,,B2,+N,sb1,spb3,PI 592734,R229,Nitrogen,2,4,11.33333333
4137,JY,2019,Havelock,282+N-N,yes,45,No,,B2,+N,sb1,spb3,PI 587125,CO109,Nitrogen,2,4,11.66
4139,JY,2019,Havelock,282+N-N,yes,45,No,,B2,+N,sb1,spb3,Ames 28290,C49,Nitrogen,2,4,10.4
4141,JY,2019,Havelock,282+N-N,yes,45,No,,B2,+N,sb1,spb3,Ames 27193,Va85,Nitrogen,2,4,17.81666667
4143,JY,2019,Havelock,282+N-N,yes,45,No,,B2,+N,sb2,spb1,Ames 26138,CI187-2,Nitrogen,2,4,16.85
4145,JY,2019,Havelock,282+N-N,yes,45,No,,B2,+N,sb2,spb1,Ames 27087,CML220,Nitrogen,2,4,12.13333333
4147,JY,2019,Havelock,282+N-N,yes,45,No,,B2,+N,sb2,spb1,Ames 27083,CML154Q,Nitrogen,2,4,16.45
4149,JY,2019,Havelock,282+N-N,yes,45,No,,B2,+N,sb2,spb1,Ames 19284,C103,Nitrogen,2,4,18.63333333
4151,JY,2019,Havelock,282+N-N,yes,45,No,,B2,+N,sb2,spb1,Ames 22754,K55,Nitrogen,2,4,14.18333333
4153,JY,2019,Havelock,282+N-N,yes,45,No,,B2,+N,sb2,spb1,PI 587131,HP301,Nitrogen,2,4,12.64
4155,JY,2019,Havelock,282+N-N,yes,45,No,,B2,+N,sb2,spb1,Check,Check,Nitrogen,2,4,18.8
4157,JY,2019,Havelock,282+N-N,yes,45,No,,B2,+N,sb2,spb2,Ames 27172,NC352,Nitrogen,2,4,14.55
4159,JY,2019,Havelock,282+N-N,yes,45,No,,B2,+N,sb2,spb2,Ames 27137,N6,Nitrogen,2,4,13.05
4161,JY,2019,Havelock,282+N-N,yes,45,No,,B2,+N,sb2,spb2,Ames 12732,NC232,Nitrogen,2,4,12.56666667
4163,JY,2019,Havelock,282+N-N,yes,45,No,,B2,+N,sb2,spb2,Ames 27260,Ki44,Nitrogen,2,4,10.44
4165,JY,2019,Havelock,282+N-N,yes,45,No,,B2,+N,sb2,spb2,Ames 27174,NC356,Nitrogen,2,4,9.44
4167,JY,2019,Havelock,282+N-N,yes,45,No,,B2,+N,sb2,spb2,Ames 27261,NC298,Nitrogen,2,4,19.26666667
4169,JY,2019,Havelock,282+N-N,yes,45,No,,B2,+N,sb2,spb2,Ames 27164,NC336,Nitrogen,2,4,13.7
4171,JY,2019,Havelock,282+N-N,yes,45,No,,B2,+N,sb2,spb3,Ames 27176,NC360,Nitrogen,2,4,14.15
4173,JY,2019,Havelock,282+N-N,yes,45,No,,B2,+N,sb2,spb3,Ames 27182,NC372,Nitrogen,2,4,15.38333333
4175,JY,2019,Havelock,282+N-N,yes,45,No,,B2,+N,sb2,spb3,Check,Check,Nitrogen,2,4,19.3
4177,JY,2019,Havelock,282+N-N,yes,45,No,,B2,+N,sb2,spb3,PI 686065,SA24,Nitrogen,2,4,16.06
4179,JY,2019,Havelock,282+N-N,yes,45,No,,B2,+N,sb2,spb3,PI 587152,W64A,Nitrogen,2,4,12.63333333
4181,JY,2019,Havelock,282+N-N,yes,45,No,,B2,+N,sb2,spb3,Ames 27194,W401,Nitrogen,2,4,12.16
4183,JY,2019,Havelock,282+N-N,yes,45,No,,B2,+N,sb2,spb3,Ames 27183,Oh43E,Nitrogen,2,4,20.35
4201,JY,2019,Havelock,282+N-N,yes,45,No,,B2,+N,sb1,spb1,Ames 27065,B73Htrhm,Nitrogen,2,4,10.8
4203,JY,2019,Havelock,282+N-N,yes,45,No,,B2,+N,sb1,spb1,Ames 27069,CH701-30,Nitrogen,2,4,13.81666667
4205,JY,2019,Havelock,282+N-N,yes,45,No,,B2,+N,sb1,spb1,PI 608767,B84,Nitrogen,2,4,11.18333333
4207,JY,2019,Havelock,282+N-N,yes,45,No,,B2,+N,sb1,spb1,Check,Check,Nitrogen,2,4,18.16666667
4209,JY,2019,Havelock,282+N-N,yes,45,No,,B2,+N,sb1,spb1,Ames 27066,B164,Nitrogen,2,4,14.71666667
4211,JY,2019,Havelock,282+N-N,yes,45,No,,B2,+N,sb1,spb1,Ames 26769,B2,Nitrogen,2,4,10.63333333
4213,JY,2019,Havelock,282+N-N,yes,45,No,,B2,+N,sb1,spb1,PI 587140,A632,Nitrogen,2,4,13.33333333
4215,JY,2019,Havelock,282+N-N,yes,45,No,,B2,+N,sb1,spb2,PI 517974,Pa880,Nitrogen,2,4,12.78333333
4217,JY,2019,Havelock,282+N-N,yes,45,No,,B2,+N,sb1,spb2,NSL 28966,Oh40B,Nitrogen,2,4,17.71666667
4219,JY,2019,Havelock,282+N-N,yes,45,No,,B2,+N,sb1,spb2,Ames 28939,Mo44,Nitrogen,2,4,16.36666667
4221,JY,2019,Havelock,282+N-N,yes,45,No,,B2,+N,sb1,spb2,Ames 27180,NC368,Nitrogen,2,4,10.76666667
4223,JY,2019,Havelock,282+N-N,yes,45,No,,B2,+N,sb1,spb2,Ames 27159,NC326,Nitrogen,2,4,14.23333333
4225,JY,2019,Havelock,282+N-N,yes,45,No,,B2,+N,sb1,spb2,PI 558532,Mo17,Nitrogen,2,4,18.23333333
4227,JY,2019,Havelock,282+N-N,yes,45,No,,B2,+N,sb1,spb2,Ames 27168,NC344,Nitrogen,2,4,14.06666667
4229,JY,2019,Havelock,282+N-N,yes,45,No,,B2,+N,sb1,spb3,Ames 31536,A214NGoodman-Buckler,Nitrogen,2,4,18.83333333
4231,JY,2019,Havelock,282+N-N,yes,45,No,,B2,+N,sb1,spb3,CIze 44,CI44,Nitrogen,2,4,9.666666667
4233,JY,2019,Havelock,282+N-N,yes,45,No,,B2,+N,sb1,spb3,Ames 28367,CI7Goodman-Buckler,Nitrogen,2,4,13.08333333
4235,JY,2019,Havelock,282+N-N,yes,45,No,,B2,+N,sb1,spb3,PI 587132,Sg1533,Nitrogen,2,4,10.55
4237,JY,2019,Havelock,282+N-N,yes,45,No,,B2,+N,sb1,spb3,Ames 24989,Va99,Nitrogen,2,4,13.98
4239,JY,2019,Havelock,282+N-N,yes,45,No,,B2,+N,sb1,spb3,Check,Check,Nitrogen,2,4,18.68333333
4241,JY,2019,Havelock,282+N-N,yes,45,No,,B2,+N,sb1,spb3,Ames 31535,38-11Goodman-Buckler,Nitrogen,2,4,14.26666667
4243,JY,2019,Havelock,282+N-N,yes,45,No,,B2,+N,sb2,spb1,PI 550472,B57,Nitrogen,2,4,12.08333333
4245,JY,2019,Havelock,282+N-N,yes,45,No,,B2,+N,sb2,spb1,Check,Check,Nitrogen,2,4,19.66666667
4247,JY,2019,Havelock,282+N-N,yes,45,No,,B2,+N,sb2,spb1,Ames 22440,CI90C,Nitrogen,2,4,11.2
4249,JY,2019,Havelock,282+N-N,yes,45,No,,B2,+N,sb2,spb1,Ames 21512,CI31A,Nitrogen,2,4,13.28571429
4251,JY,2019,Havelock,282+N-N,yes,45,No,,B2,+N,sb2,spb1,PI 594047,B104,Nitrogen,2,4,14.02857143
4253,JY,2019,Havelock,282+N-N,yes,45,No,,B2,+N,sb2,spb1,PI 587128,H84,Nitrogen,2,4,12.71666667
4255,JY,2019,Havelock,282+N-N,yes,45,No,,B2,+N,sb2,spb1,Check,Check,Nitrogen,2,4,18.16666667
4257,JY,2019,Havelock,282+N-N,yes,45,No,,B2,+N,sb2,spb2,Ames 28366,N7A,Nitrogen,2,4,12.76
4259,JY,2019,Havelock,282+N-N,yes,45,No,,B2,+N,sb2,spb2,PI 550555,NC250,Nitrogen,2,4,11.9
4261,JY,2019,Havelock,282+N-N,yes,45,No,,B2,+N,sb2,spb2,PI 543916,Mp339,Nitrogen,2,4,13.7
4263,JY,2019,Havelock,282+N-N,yes,45,No,,B2,+N,sb2,spb2,Ames 27124,Ki11,Nitrogen,2,4,14.83333333
4265,JY,2019,Havelock,282+N-N,yes,45,No,,B2,+N,sb2,spb2,Ames 12731,NC230,Nitrogen,2,4,11.76666667
4267,JY,2019,Havelock,282+N-N,yes,45,No,,B2,+N,sb2,spb2,Check,Check,Nitrogen,2,4,19.45
4269,JY,2019,Havelock,282+N-N,yes,45,No,,B2,+N,sb2,spb2,Ames 27147,NC302,Nitrogen,2,4,11.16666667
4271,JY,2019,Havelock,282+N-N,yes,45,No,,B2,+N,sb2,spb3,NSL 53094,SC357,Nitrogen,2,4,11.35
4273,JY,2019,Havelock,282+N-N,yes,45,No,,B2,+N,sb2,spb3,Check,Check,Nitrogen,2,4,18.15
4275,JY,2019,Havelock,282+N-N,yes,45,No,,B2,+N,sb2,spb3,Ames 27184,Pa762,Nitrogen,2,4,11.73333333
4277,JY,2019,Havelock,282+N-N,yes,45,No,,B2,+N,sb2,spb3,Ames 27185,Pa875,Nitrogen,2,4,12.13333333
4279,JY,2019,Havelock,282+N-N,yes,45,No,,B2,+N,sb2,spb3,Ames 27181,NC370,Nitrogen,2,4,11.51666667
4281,JY,2019,Havelock,282+N-N,yes,45,No,,B2,+N,sb2,spb3,NSL 30053,W22,Nitrogen,2,4,12.65
4283,JY,2019,Havelock,282+N-N,yes,45,No,,B2,+N,sb2,spb3,Ames 19323,Oh7B,Nitrogen,2,4,14.73333333
4301,JY,2019,Havelock,282+N-N,yes,45,No,,B2,+N,sb3,spb1,Check,Check,Nitrogen,2,4,15.26666667
4303,JY,2019,Havelock,282+N-N,yes,45,No,,B2,+N,sb3,spb1,Check,Check,Nitrogen,2,4,18.28333333
4305,JY,2019,Havelock,282+N-N,yes,45,No,,B2,+N,sb3,spb1,Ames 26604,38-11,Nitrogen,2,4,12.5
4307,JY,2019,Havelock,282+N-N,yes,45,No,,B2,+N,sb3,spb1,Check,Check,Nitrogen,2,4,17.625
4309,JY,2019,Havelock,282+N-N,yes,45,No,,B2,+N,sb3,spb1,Ames 27081,CML103,Nitrogen,2,4,18.96666667
4311,JY,2019,Havelock,282+N-N,yes,45,No,,B2,+N,sb3,spb1,Ames 27085,CML158Q,Nitrogen,2,4,13.01666667
4313,JY,2019,Havelock,282+N-N,yes,45,No,,B2,+N,sb3,spb1,PI 550465,B68,Nitrogen,2,4,17.85
4315,JY,2019,Havelock,282+N-N,yes,45,No,,B2,+N,sb3,spb2,Ames 27133,M37W,Nitrogen,2,4,14.82857143
4317,JY,2019,Havelock,282+N-N,yes,45,No,,B2,+N,sb3,spb2,Check,Check,Nitrogen,2,4,19.56
4319,JY,2019,Havelock,282+N-N,yes,45,No,,B2,+N,sb3,spb2,Ames 10248,GA209,Nitrogen,2,4,10.91666667
4321,JY,2019,Havelock,282+N-N,yes,45,No,,B2,+N,sb3,spb2,PI 587144,Mo24W,Nitrogen,2,4,17.84
4323,JY,2019,Havelock,282+N-N,yes,45,No,,B2,+N,sb3,spb2,Ames 12729,NC222,Nitrogen,2,4,7.666666667
4325,JY,2019,Havelock,282+N-N,yes,45,No,,B2,+N,sb3,spb2,Ames 27155,NC318,Nitrogen,2,4,12.23333333
4327,JY,2019,Havelock,282+N-N,yes,45,No,,B2,+N,sb3,spb2,Check,Check,Nitrogen,2,4,18.85
4329,JY,2019,Havelock,282+N-N,yes,45,No,,B2,+N,sb3,spb3,PI 506247,Tzi9,Nitrogen,2,4,15.21666667
4331,JY,2019,Havelock,282+N-N,yes,45,No,,B2,+N,sb3,spb3,Ames 27189,SC55,Nitrogen,2,4,9.5875
4333,JY,2019,Havelock,282+N-N,yes,45,No,,B2,+N,sb3,spb3,Check,Check,Nitrogen,2,4,18.85
4335,JY,2019,Havelock,282+N-N,yes,45,No,,B2,+N,sb3,spb3,PI 257506,F2,Nitrogen,2,4,12.5
4337,JY,2019,Havelock,282+N-N,yes,45,No,,B2,+N,sb3,spb3,Ames 22748,H100,Nitrogen,2,4,12.43333333
4339,JY,2019,Havelock,282+N-N,yes,45,No,,B2,+N,sb3,spb3,PI 506255,Tzi25,Nitrogen,2,4,13.61666667
4341,JY,2019,Havelock,282+N-N,yes,45,No,,B2,+N,sb3,spb3,Ames 27129,KUI2021,Nitrogen,2,4,13.46666667
4343,JY,2019,Havelock,282+N-N,yes,45,No,,B2,+N,sb4,spb1,Ames 23405,A239,Nitrogen,2,4,13.16666667
4345,JY,2019,Havelock,282+N-N,yes,45,No,,B2,+N,sb4,spb1,PI 587141,A654,Nitrogen,2,4,13.37142857
4347,JY,2019,Havelock,282+N-N,yes,45,No,,B2,+N,sb4,spb1,Ames 22443,A188,Nitrogen,2,4,10.52857143
4349,JY,2019,Havelock,282+N-N,yes,45,No,,B2,+N,sb4,spb1,PI 587139,A619,Nitrogen,2,4,
4351,JY,2019,Havelock,282+N-N,yes,45,No,,B2,+N,sb4,spb1,PI 608774,B75,Nitrogen,2,4,12.33333333
4353,JY,2019,Havelock,282+N-N,yes,45,No,,B2,+N,sb4,spb1,Ames 27068,CH9,Nitrogen,2,4,
4355,JY,2019,Havelock,282+N-N,yes,45,No,,B2,+N,sb4,spb1,PI 587143,A682,Nitrogen,2,4,16.48571429
4357,JY,2019,Havelock,282+N-N,yes,45,No,,B2,+N,sb4,spb2,PI 686057,I29,Nitrogen,2,4,9.7
4359,JY,2019,Havelock,282+N-N,yes,45,No,,B2,+N,sb4,spb2,Ames 27104,CMV3,Nitrogen,2,4,11.88333333
4361,JY,2019,Havelock,282+N-N,yes,45,No,,B2,+N,sb4,spb2,Ames 27106,CO125,Nitrogen,2,4,9.842857143
4363,JY,2019,Havelock,282+N-N,yes,45,No,,B2,+N,sb4,spb2,PI 587127,H105W,Nitrogen,2,4,13.06666667
4365,JY,2019,Havelock,282+N-N,yes,45,No,,B2,+N,sb4,spb2,Ames 24752,MS1334,Nitrogen,2,4,14.73333333
4367,JY,2019,Havelock,282+N-N,yes,45,No,,B2,+N,sb4,spb2,PI 686063,IDS91,Nitrogen,2,4,12.18333333
4369,JY,2019,Havelock,282+N-N,yes,45,No,,B2,+N,sb4,spb2,NSL 30867,M14,Nitrogen,2,4,16.02857143
4371,JY,2019,Havelock,282+N-N,yes,45,No,,B2,+N,sb4,spb3,Ames 19326,R168,Nitrogen,2,4,11.46666667
4373,JY,2019,Havelock,282+N-N,yes,45,No,,B2,+N,sb4,spb3,Ames 27150,NC308,Nitrogen,2,4,13.24285714
4375,JY,2019,Havelock,282+N-N,yes,45,No,,B2,+N,sb4,spb3,PI 550490,ND246,Nitrogen,2,4,12.81428571
4377,JY,2019,Havelock,282+N-N,yes,45,No,,B2,+N,sb4,spb3,Ames 28186,P39,Nitrogen,2,4,
4379,JY,2019,Havelock,282+N-N,yes,45,No,,B2,+N,sb4,spb3,Ames 19330,W182B,Nitrogen,2,4,14.75
4381,JY,2019,Havelock,282+N-N,yes,45,No,,B2,+N,sb4,spb3,Ames 27162,NC332,Nitrogen,2,4,12.95
4383,JY,2019,Havelock,282+N-N,yes,45,No,,B2,+N,sb4,spb3,PI 587154,W153R,Nitrogen,2,4,12.6
4401,JY,2019,Havelock,282+N-N,yes,45,No,,B2,+N,sb3,spb1,Check,Check,Nitrogen,2,4,14.25714286
4403,JY,2019,Havelock,282+N-N,yes,45,No,,B2,+N,sb3,spb1,Check,Check,Nitrogen,2,4,15.35
4405,JY,2019,Havelock,282+N-N,yes,45,No,,B2,+N,sb3,spb1,Ames 27101,CML333,Nitrogen,2,4,6.65
4407,JY,2019,Havelock,282+N-N,yes,45,No,,B2,+N,sb3,spb1,Check,Check,Nitrogen,2,4,17.35
4409,JY,2019,Havelock,282+N-N,yes,45,No,,B2,+N,sb3,spb1,Check,Check,Nitrogen,2,4,17.38333333
4411,JY,2019,Havelock,282+N-N,yes,45,No,,B2,+N,sb3,spb1,Ames 27086,CML218,Nitrogen,2,4,11.81666667
4413,JY,2019,Havelock,282+N-N,yes,45,No,,B2,+N,sb3,spb1,Check,Check,Nitrogen,2,4,19.1
4415,JY,2019,Havelock,282+N-N,yes,45,No,,B2,+N,sb3,spb2,Ames 27169,NC346,Nitrogen,2,4,10.7
4417,JY,2019,Havelock,282+N-N,yes,45,No,,B2,+N,sb3,spb2,Ames 28184,CML69,Nitrogen,2,4,17.38333333
4419,JY,2019,Havelock,282+N-N,yes,45,No,,B2,+N,sb3,spb2,Ames 27110,E2558W,Nitrogen,2,4,11.2
4421,JY,2019,Havelock,282+N-N,yes,45,No,,B2,+N,sb3,spb2,Ames 27165,NC338,Nitrogen,2,4,14.7
4423,JY,2019,Havelock,282+N-N,yes,45,No,,B2,+N,sb3,spb2,NSL 30038,K4,Nitrogen,2,4,14.03333333
4425,JY,2019,Havelock,282+N-N,yes,45,No,,B2,+N,sb3,spb2,NSL 22893,F44,Nitrogen,2,4,10.05
4427,JY,2019,Havelock,282+N-N,yes,45,No,,B2,+N,sb3,spb2,Ames 27166,NC340,Nitrogen,2,4,15.88333333
4429,JY,2019,Havelock,282+N-N,yes,45,No,,B2,+N,sb3,spb3,PI 558520,Mo1W,Nitrogen,2,4,10.47142857
4431,JY,2019,Havelock,282+N-N,yes,45,No,,B2,+N,sb3,spb3,Ames 26808,Ill.Hy,Nitrogen,2,4,12.11666667
4433,JY,2019,Havelock,282+N-N,yes,45,No,,B2,+N,sb3,spb3,Check,Check,Nitrogen,2,4,17.8
4435,JY,2019,Havelock,282+N-N,yes,45,No,,B2,+N,sb3,spb3,Ames 27131,Ky226,Nitrogen,2,4,10.15
4437,JY,2019,Havelock,282+N-N,yes,45,No,,B2,+N,sb3,spb3,Ames 27179,NC366,Nitrogen,2,4,12.41666667
4439,JY,2019,Havelock,282+N-N,yes,45,No,,B2,+N,sb3,spb3,PI 606330,DE2,Nitrogen,2,4,10.74285714
4441,JY,2019,Havelock,282+N-N,yes,45,No,,B2,+N,sb3,spb3,PI 506253,Tzi18,Nitrogen,2,4,13.88333333
4443,JY,2019,Havelock,282+N-N,yes,45,No,,B2,+N,sb4,spb1,PI 587124,CM105,Nitrogen,2,4,14.3875
4445,JY,2019,Havelock,282+N-N,yes,45,No,,B2,+N,sb4,spb1,PI 550440,B64,Nitrogen,2,4,14.05714286
4447,JY,2019,Havelock,282+N-N,yes,45,No,,B2,+N,sb4,spb1,PI 594046,B103,Nitrogen,2,4,14.7
4449,JY,2019,Havelock,282+N-N,yes,45,No,,B2,+N,sb4,spb1,Ames 27067,C49A,Nitrogen,2,4,9.833333333
4451,JY,2019,Havelock,282+N-N,yes,45,No,,B2,+N,sb4,spb1,Check,Check,Nitrogen,2,4,18.76666667
4453,JY,2019,Havelock,282+N-N,yes,45,No,,B2,+N,sb4,spb1,PI 607521,A661,Nitrogen,2,4,10.25
4455,JY,2019,Havelock,282+N-N,yes,45,No,,B2,+N,sb4,spb1,Ames 19313,C123,Nitrogen,2,4,
4457,JY,2019,Havelock,282+N-N,yes,45,No,,B2,+N,sb4,spb2,Ames 24734,MS153,Nitrogen,2,4,11.375
4459,JY,2019,Havelock,282+N-N,yes,45,No,,B2,+N,sb4,spb2,Check,Check,Nitrogen,2,4,19.18333333
4461,JY,2019,Havelock,282+N-N,yes,45,No,,B2,+N,sb4,spb2,Ames 20190,CM37,Nitrogen,2,4,8.425
4463,JY,2019,Havelock,282+N-N,yes,45,No,,B2,+N,sb4,spb2,PI 583352,Mo47,Nitrogen,2,4,12.1
4465,JY,2019,Havelock,282+N-N,yes,45,No,,B2,+N,sb4,spb2,Ames 27135,MEF156-55-2,Nitrogen,2,4,13.25
4467,JY,2019,Havelock,282+N-N,yes,45,No,,B2,+N,sb4,spb2,Ames 27105,CO106,Nitrogen,2,4,12.63333333
4469,JY,2019,Havelock,282+N-N,yes,45,No,,B2,+N,sb4,spb2,Ames 28364,IA2132,Nitrogen,2,4,11.91428571
4471,JY,2019,Havelock,282+N-N,yes,45,No,,B2,+N,sb4,spb3,Ames 19288,Oh43,Nitrogen,2,4,16.0625
4473,JY,2019,Havelock,282+N-N,yes,45,No,,B2,+N,sb4,spb3,Check,Check,Nitrogen,2,4,16.11666667
4475,JY,2019,Havelock,282+N-N,yes,45,No,,B2,+N,sb4,spb3,Ames 27161,NC330,Nitrogen,2,4,15.85
4477,JY,2019,Havelock,282+N-N,yes,45,No,,B2,+N,sb4,spb3,Ames 27163,NC334,Nitrogen,2,4,12.86666667
4479,JY,2019,Havelock,282+N-N,yes,45,No,,B2,+N,sb4,spb3,PI 587145,NC268,Nitrogen,2,4,11.76666667
4481,JY,2019,Havelock,282+N-N,yes,45,No,,B2,+N,sb4,spb3,Ames 27154,NC316,Nitrogen,2,4,16.1
4483,JY,2019,Havelock,282+N-N,yes,45,No,,B2,+N,sb4,spb3,Ames 19016,Va59,Nitrogen,2,4,15.96
4501,JY,2019,Havelock,282+N-N,yes,45,No,,B2,+N,sb3,spb1,Check,Check,Nitrogen,2,4,16.68333333
4503,JY,2019,Havelock,282+N-N,yes,45,No,,B2,+N,sb3,spb1,Ames 27095,CML321,Nitrogen,2,4,14.35
4505,JY,2019,Havelock,282+N-N,yes,45,No,,B2,+N,sb3,spb1,Check,Check,Nitrogen,2,4,17.8
4507,JY,2019,Havelock,282+N-N,yes,45,No,,B2,+N,sb3,spb1,PI 406112,A214N,Nitrogen,2,4,15.48333333
4509,JY,2019,Havelock,282+N-N,yes,45,No,,B2,+N,sb3,spb1,Check,Check,Nitrogen,2,4,17.36666667
4511,JY,2019,Havelock,282+N-N,yes,45,No,,B2,+N,sb3,spb1,Ames 27096,CML322,Nitrogen,2,4,14.27142857
4513,JY,2019,Havelock,282+N-N,yes,45,No,,B2,+N,sb3,spb1,PI 587130,4722,Nitrogen,2,4,10.65
4515,JY,2019,Havelock,282+N-N,yes,45,No,,B2,+N,sb3,spb2,Ames 27144,NC296,Nitrogen,2,4,11.16666667
4517,JY,2019,Havelock,282+N-N,yes,45,No,,B2,+N,sb3,spb2,Check,Check,Nitrogen,2,4,19.31666667
4519,JY,2019,Havelock,282+N-N,yes,45,No,,B2,+N,sb3,spb2,Ames 27121,K64,Nitrogen,2,4,11.2
4521,JY,2019,Havelock,282+N-N,yes,45,No,,B2,+N,sb3,spb2,PI 531084,NC258,Nitrogen,2,4,12.85
4523,JY,2019,Havelock,282+N-N,yes,45,No,,B2,+N,sb3,spb2,Ames 27134,M162W,Nitrogen,2,4,13.02857143
4525,JY,2019,Havelock,282+N-N,yes,45,No,,B2,+N,sb3,spb2,PI 550558,DE811,Nitrogen,2,4,10.63333333
4527,JY,2019,Havelock,282+N-N,yes,45,No,,B2,+N,sb3,spb2,Ames 27156,NC320,Nitrogen,2,4,12.2
4529,JY,2019,Havelock,282+N-N,yes,45,No,,B2,+N,sb3,spb3,PI 506246,Tzi8,Nitrogen,2,4,9.783333333
4531,JY,2019,Havelock,282+N-N,yes,45,No,,B2,+N,sb3,spb3,PI 540745,Tzi11,Nitrogen,2,4,11.175
4533,JY,2019,Havelock,282+N-N,yes,45,No,,B2,+N,sb3,spb3,PI 587147,Pa91,Nitrogen,2,4,12.8
4535,JY,2019,Havelock,282+N-N,yes,45,No,,B2,+N,sb3,spb3,Ames 27119,Il101T,Nitrogen,2,4,10.91666667
4537,JY,2019,Havelock,282+N-N,yes,45,No,,B2,+N,sb3,spb3,PI 550522,T232,Nitrogen,2,4,11.28333333
4539,JY,2019,Havelock,282+N-N,yes,45,No,,B2,+N,sb3,spb3,Check,Check,Nitrogen,2,4,19.33333333
4541,JY,2019,Havelock,282+N-N,yes,45,No,,B2,+N,sb3,spb3,Check,Check,Nitrogen,2,4,18.4
4543,JY,2019,Havelock,282+N-N,yes,45,No,,B2,+N,sb4,spb1,NSL 81599,A659,Nitrogen,2,4,12.73333333
4545,JY,2019,Havelock,282+N-N,yes,45,No,,B2,+N,sb4,spb1,Ames 19316,CM174,Nitrogen,2,4,15.37142857
4547,JY,2019,Havelock,282+N-N,yes,45,No,,B2,+N,sb4,spb1,Ames 23450,A556,Nitrogen,2,4,11.4
4549,JY,2019,Havelock,282+N-N,yes,45,No,,B2,+N,sb4,spb1,PI 587138,A554,Nitrogen,2,4,9.733333333
4551,JY,2019,Havelock,282+N-N,yes,45,No,,B2,+N,sb4,spb1,Ames 19308,A634,Nitrogen,2,4,12.84285714
4553,JY,2019,Havelock,282+N-N,yes,45,No,,B2,+N,sb4,spb1,PI 550483,B76,Nitrogen,2,4,13.41666667
4555,JY,2019,Havelock,282+N-N,yes,45,No,,B2,+N,sb4,spb1,Ames 19311,A641,Nitrogen,2,4,14.86666667
4557,JY,2019,Havelock,282+N-N,yes,45,No,,B2,+N,sb4,spb2,Check,Check,Nitrogen,2,4,19.56666667
4559,JY,2019,Havelock,282+N-N,yes,45,No,,B2,+N,sb4,spb2,Ames 27070,CM7,Nitrogen,2,4,9.328571429
4561,JY,2019,Havelock,282+N-N,yes,45,No,,B2,+N,sb4,spb2,PI 587129,H99,Nitrogen,2,4,13.05
4563,JY,2019,Havelock,282+N-N,yes,45,No,,B2,+N,sb4,spb2,Ames 20140,Mt42,Nitrogen,2,4,13.06
4565,JY,2019,Havelock,282+N-N,yes,45,No,,B2,+N,sb4,spb2,Ames 27111,EP1,Nitrogen,2,4,8.942857143
4567,JY,2019,Havelock,282+N-N,yes,45,No,,B2,+N,sb4,spb2,PI 257507,F7,Nitrogen,2,4,11.4
4569,JY,2019,Havelock,282+N-N,yes,45,No,,B2,+N,sb4,spb2,Ames 27107,CO255,Nitrogen,2,4,11.78571429
4571,JY,2019,Havelock,282+N-N,yes,45,No,,B2,+N,sb4,spb3,Check,Check,Nitrogen,2,4,18.11666667
4573,JY,2019,Havelock,282+N-N,yes,45,No,,B2,+N,sb4,spb3,PI 550566,N192,Nitrogen,2,4,16.37142857
4575,JY,2019,Havelock,282+N-N,yes,45,No,,B2,+N,sb4,spb3,Ames 27152,NC312,Nitrogen,2,4,14.55
4577,JY,2019,Havelock,282+N-N,yes,45,No,,B2,+N,sb4,spb3,Ames 27142,NC292,Nitrogen,2,4,11.31428571
4579,JY,2019,Havelock,282+N-N,yes,45,No,,B2,+N,sb4,spb3,PI 524969,SD44,Nitrogen,2,4,11.2625
4581,JY,2019,Havelock,282+N-N,yes,45,No,,B2,+N,sb4,spb3,Check,Check,Nitrogen,2,4,19.46666667
4583,JY,2019,Havelock,282+N-N,yes,45,No,,B2,+N,sb4,spb3,PI 531085,NC262,Nitrogen,2,4,11.43333333