row,I,year,field,experiment,pheno,K,DNA,field_note,block,nitrogen,sb,spb,Pedigree,Genotype,Treatment,Rep,quadrant,Average.cob.width
1001,JY,2019,Havelock,282+N-N,yes,45,No,,B1,+N,sb1,spb1,Ames 19311,A641,Nitrogen,1,1,
1003,JY,2019,Havelock,282+N-N,yes,45,No,,B1,+N,sb1,spb1,PI 550483,B76,Nitrogen,1,1,26.26666667
1005,JY,2019,Havelock,282+N-N,yes,45,No,,B1,+N,sb1,spb1,PI 587141,A654,Nitrogen,1,1,
1007,JY,2019,Havelock,282+N-N,yes,45,No,,B1,+N,sb1,spb1,Ames 23405,A239,Nitrogen,1,1,19.9
1009,JY,2019,Havelock,282+N-N,yes,45,No,,B1,+N,sb1,spb1,PI 587143,A682,Nitrogen,1,1,20.4
1011,JY,2019,Havelock,282+N-N,yes,45,No,,B1,+N,sb1,spb1,Ames 19313,C123,Nitrogen,1,1,
1013,JY,2019,Havelock,282+N-N,yes,45,No,,B1,+N,sb1,spb1,PI 587138,A554,Nitrogen,1,1,20.76666667
1015,JY,2019,Havelock,282+N-N,yes,45,No,,B1,+N,sb1,spb2,Ames 27111,EP1,Nitrogen,1,1,21.11666667
1017,JY,2019,Havelock,282+N-N,yes,45,No,,B1,+N,sb1,spb2,Check,Check,Nitrogen,1,1,23.63333333
1019,JY,2019,Havelock,282+N-N,yes,45,No,,B1,+N,sb1,spb2,PI 257507,F7,Nitrogen,1,1,19.83333333
1021,JY,2019,Havelock,282+N-N,yes,45,No,,B1,+N,sb1,spb2,PI 686057,I29,Nitrogen,1,1,25.9
1023,JY,2019,Havelock,282+N-N,yes,45,No,,B1,+N,sb1,spb2,Ames 27105,CO106,Nitrogen,1,1,23.33333333
1025,JY,2019,Havelock,282+N-N,yes,45,No,,B1,+N,sb1,spb2,Ames 24734,MS153,Nitrogen,1,1,26.02
1027,JY,2019,Havelock,282+N-N,yes,45,No,,B1,+N,sb1,spb2,Ames 20140,Mt42,Nitrogen,1,1,20.83333333
1029,JY,2019,Havelock,282+N-N,yes,45,No,,B1,+N,sb1,spb3,PI 531085,NC262,Nitrogen,1,1,26.33333333
1031,JY,2019,Havelock,282+N-N,yes,45,No,,B1,+N,sb1,spb3,PI 550566,N192,Nitrogen,1,1,22.975
1033,JY,2019,Havelock,282+N-N,yes,45,No,,B1,+N,sb1,spb3,Ames 19016,Va59,Nitrogen,1,1,21.26666667
1035,JY,2019,Havelock,282+N-N,yes,45,No,,B1,+N,sb1,spb3,Ames 27142,NC292,Nitrogen,1,1,
1037,JY,2019,Havelock,282+N-N,yes,45,No,,B1,+N,sb1,spb3,PI 524969,SD44,Nitrogen,1,1,20.7
1039,JY,2019,Havelock,282+N-N,yes,45,No,,B1,+N,sb1,spb3,Ames 19330,W182B,Nitrogen,1,1,20.43333333
1041,JY,2019,Havelock,282+N-N,yes,45,No,,B1,+N,sb1,spb3,Check,Check,Nitrogen,1,1,20.96666667
1043,JY,2019,Havelock,282+N-N,yes,45,No,,B1,+N,sb2,spb1,Ames 21512,CI31A,Nitrogen,1,1,21
1045,JY,2019,Havelock,282+N-N,yes,45,No,,B1,+N,sb2,spb1,PI 606329,DE1,Nitrogen,1,1,24.1
1047,JY,2019,Havelock,282+N-N,yes,45,No,,B1,+N,sb2,spb1,Check,Check,Nitrogen,1,1,22.43333333
1049,JY,2019,Havelock,282+N-N,yes,45,No,,B1,+N,sb2,spb1,Ames 19309,A635,Nitrogen,1,1,19.5
1051,JY,2019,Havelock,282+N-N,yes,45,No,,B1,+N,sb2,spb1,Check,Check,Nitrogen,1,1,21.3
1053,JY,2019,Havelock,282+N-N,yes,45,No,,B1,+N,sb2,spb1,Ames 19284,C103,Nitrogen,1,1,24.35
1055,JY,2019,Havelock,282+N-N,yes,45,No,,B1,+N,sb2,spb1,Ames 27112,F2834T,Nitrogen,1,1,19.3
1057,JY,2019,Havelock,282+N-N,yes,45,No,,B1,+N,sb2,spb2,Check,Check,Nitrogen,1,1,20.03333333
1059,JY,2019,Havelock,282+N-N,yes,45,No,,B1,+N,sb2,spb2,Ames 27260,Ki44,Nitrogen,1,1,18.62
1061,JY,2019,Havelock,282+N-N,yes,45,No,,B1,+N,sb2,spb2,Ames 27141,NC290A,Nitrogen,1,1,26.96
1063,JY,2019,Havelock,282+N-N,yes,45,No,,B1,+N,sb2,spb2,PI 520774,NC264,Nitrogen,1,1,18.86666667
1065,JY,2019,Havelock,282+N-N,yes,45,No,,B1,+N,sb2,spb2,Check,Check,Nitrogen,1,1,19.4
1067,JY,2019,Havelock,282+N-N,yes,45,No,,B1,+N,sb2,spb2,Ames 27172,NC352,Nitrogen,1,1,21.93333333
1069,JY,2019,Havelock,282+N-N,yes,45,No,,B1,+N,sb2,spb2,Ames 27147,NC302,Nitrogen,1,1,20.66666667
1071,JY,2019,Havelock,282+N-N,yes,45,No,,B1,+N,sb2,spb3,NSL 30053,W22,Nitrogen,1,1,23.2
1073,JY,2019,Havelock,282+N-N,yes,45,No,,B1,+N,sb2,spb3,Check,Check,Nitrogen,1,1,20.06666667
1075,JY,2019,Havelock,282+N-N,yes,45,No,,B1,+N,sb2,spb3,Check,Check,Nitrogen,1,1,19.8
1077,JY,2019,Havelock,282+N-N,yes,45,No,,B1,+N,sb2,spb3,PI 587152,W64A,Nitrogen,1,1,19.93333333
1079,JY,2019,Havelock,282+N-N,yes,45,No,,B1,+N,sb2,spb3,Check,Check,Nitrogen,1,1,21.28333333
1081,JY,2019,Havelock,282+N-N,yes,45,No,,B1,+N,sb2,spb3,Ames 27181,NC370,Nitrogen,1,1,19.66666667
1083,JY,2019,Havelock,282+N-N,yes,45,No,,B1,+N,sb2,spb3,PI 686065,SA24,Nitrogen,1,1,15.86666667
1101,JY,2019,Havelock,282+N-N,yes,45,No,,B1,+N,sb1,spb1,Ames 19316,CM174,Nitrogen,1,1,24.73333333
1103,JY,2019,Havelock,282+N-N,yes,45,No,,B1,+N,sb1,spb1,PI 608774,B75,Nitrogen,1,1,22.56666667
1105,JY,2019,Havelock,282+N-N,yes,45,No,,B1,+N,sb1,spb1,Ames 22443,A188,Nitrogen,1,1,20.85
1107,JY,2019,Havelock,282+N-N,yes,45,No,,B1,+N,sb1,spb1,PI 594046,B103,Nitrogen,1,1,22.1
1109,JY,2019,Havelock,282+N-N,yes,45,No,,B1,+N,sb1,spb1,Check,Check,Nitrogen,1,1,21.83333333
1111,JY,2019,Havelock,282+N-N,yes,45,No,,B1,+N,sb1,spb1,PI 587139,A619,Nitrogen,1,1,26.5
1113,JY,2019,Havelock,282+N-N,yes,45,No,,B1,+N,sb1,spb1,Ames 27067,C49A,Nitrogen,1,1,26.73333333
1115,JY,2019,Havelock,282+N-N,yes,45,No,,B1,+N,sb1,spb2,Ames 27135,MEF156-55-2,Nitrogen,1,1,
1117,JY,2019,Havelock,282+N-N,yes,45,No,,B1,+N,sb1,spb2,Ames 20190,CM37,Nitrogen,1,1,22.85
1119,JY,2019,Havelock,282+N-N,yes,45,No,,B1,+N,sb1,spb2,PI 587135,Ia5125,Nitrogen,1,1,20.26666667
1121,JY,2019,Havelock,282+N-N,yes,45,No,,B1,+N,sb1,spb2,Ames 27104,CMV3,Nitrogen,1,1,
1123,JY,2019,Havelock,282+N-N,yes,45,No,,B1,+N,sb1,spb2,PI 686063,IDS91,Nitrogen,1,1,20.13333333
1125,JY,2019,Havelock,282+N-N,yes,45,No,,B1,+N,sb1,spb2,Ames 27107,CO255,Nitrogen,1,1,20.9
1127,JY,2019,Havelock,282+N-N,yes,45,No,,B1,+N,sb1,spb2,Ames 27070,CM7,Nitrogen,1,1,20.74
1129,JY,2019,Havelock,282+N-N,yes,45,No,,B1,+N,sb1,spb3,Ames 27154,NC316,Nitrogen,1,1,
1131,JY,2019,Havelock,282+N-N,yes,45,No,,B1,+N,sb1,spb3,Check,Check,Nitrogen,1,1,21.7
1133,JY,2019,Havelock,282+N-N,yes,45,No,,B1,+N,sb1,spb3,PI 587154,W153R,Nitrogen,1,1,16.5
1135,JY,2019,Havelock,282+N-N,yes,45,No,,B1,+N,sb1,spb3,Ames 27162,NC332,Nitrogen,1,1,28.7
1137,JY,2019,Havelock,282+N-N,yes,45,No,,B1,+N,sb1,spb3,Ames 19288,Oh43,Nitrogen,1,1,24.3
1139,JY,2019,Havelock,282+N-N,yes,45,No,,B1,+N,sb1,spb3,Check,Check,Nitrogen,1,1,21.8
1141,JY,2019,Havelock,282+N-N,yes,45,No,,B1,+N,sb1,spb3,Ames 19326,R168,Nitrogen,1,1,19.28333333
1143,JY,2019,Havelock,282+N-N,yes,45,No,,B1,+N,sb2,spb1,Ames 27087,CML220,Nitrogen,1,1,26.6
1145,JY,2019,Havelock,282+N-N,yes,45,No,,B1,+N,sb2,spb1,PI 608766,B79,Nitrogen,1,1,29.43333333
1147,JY,2019,Havelock,282+N-N,yes,45,No,,B1,+N,sb2,spb1,PI 587131,HP301,Nitrogen,1,1,21.16
1149,JY,2019,Havelock,282+N-N,yes,45,No,,B1,+N,sb2,spb1,Ames 27120,Il677a,Nitrogen,1,1,24.33333333
1151,JY,2019,Havelock,282+N-N,yes,45,No,,B1,+N,sb2,spb1,Ames 27083,CML154Q,Nitrogen,1,1,27.675
1153,JY,2019,Havelock,282+N-N,yes,45,No,,B1,+N,sb2,spb1,PI 594047,B104,Nitrogen,1,1,25.76666667
1155,JY,2019,Havelock,282+N-N,yes,45,No,,B1,+N,sb2,spb1,Ames 19319,H95,Nitrogen,1,1,24.13333333
1157,JY,2019,Havelock,282+N-N,yes,45,No,,B1,+N,sb2,spb2,Ames 12731,NC230,Nitrogen,1,1,23.03333333
1159,JY,2019,Havelock,282+N-N,yes,45,No,,B1,+N,sb2,spb2,Ames 12734,NC236,Nitrogen,1,1,20.95
1161,JY,2019,Havelock,282+N-N,yes,45,No,,B1,+N,sb2,spb2,Ames 27137,N6,Nitrogen,1,1,24.66666667
1163,JY,2019,Havelock,282+N-N,yes,45,No,,B1,+N,sb2,spb2,Ames 28366,N7A,Nitrogen,1,1,
1165,JY,2019,Havelock,282+N-N,yes,45,No,,B1,+N,sb2,spb2,Ames 27164,NC336,Nitrogen,1,1,20.93333333
1167,JY,2019,Havelock,282+N-N,yes,45,No,,B1,+N,sb2,spb2,Ames 27158,NC324,Nitrogen,1,1,23.2
1169,JY,2019,Havelock,282+N-N,yes,45,No,,B1,+N,sb2,spb2,Ames 27175,NC358,Nitrogen,1,1,20.33333333
1171,JY,2019,Havelock,282+N-N,yes,45,No,,B1,+N,sb2,spb3,Ames 27184,Pa762,Nitrogen,1,1,25.23333333
1173,JY,2019,Havelock,282+N-N,yes,45,No,,B1,+N,sb2,spb3,Ames 19323,Oh7B,Nitrogen,1,1,19.4
1175,JY,2019,Havelock,282+N-N,yes,45,No,,B1,+N,sb2,spb3,PI 587151,Va102,Nitrogen,1,1,22.93333333
1177,JY,2019,Havelock,282+N-N,yes,45,No,,B1,+N,sb2,spb3,Ames 8399,W117HT,Nitrogen,1,1,21.48
1179,JY,2019,Havelock,282+N-N,yes,45,No,,B1,+N,sb2,spb3,PI 573098,Oh603,Nitrogen,1,1,
1181,JY,2019,Havelock,282+N-N,yes,45,No,,B1,+N,sb2,spb3,Ames 27183,Oh43E,Nitrogen,1,1,22.1
1183,JY,2019,Havelock,282+N-N,yes,45,No,,B1,+N,sb2,spb3,Ames 27185,Pa875,Nitrogen,1,1,22.1
1201,JY,2019,Havelock,282+N-N,yes,45,No,,B1,+N,sb1,spb1,PI 607521,A661,Nitrogen,1,1,21.425
1203,JY,2019,Havelock,282+N-N,yes,45,No,,B1,+N,sb1,spb1,Ames 19308,A634,Nitrogen,1,1,22.96666667
1205,JY,2019,Havelock,282+N-N,yes,45,No,,B1,+N,sb1,spb1,PI 587124,CM105,Nitrogen,1,1,25.76666667
1207,JY,2019,Havelock,282+N-N,yes,45,No,,B1,+N,sb1,spb1,NSL 81599,A659,Nitrogen,1,1,30.16666667
1209,JY,2019,Havelock,282+N-N,yes,45,No,,B1,+N,sb1,spb1,Ames 27068,CH9,Nitrogen,1,1,25.7
1211,JY,2019,Havelock,282+N-N,yes,45,No,,B1,+N,sb1,spb1,PI 550440,B64,Nitrogen,1,1,20.36666667
1213,JY,2019,Havelock,282+N-N,yes,45,No,,B1,+N,sb1,spb1,Ames 23450,A556,Nitrogen,1,1,24.13333333
1215,JY,2019,Havelock,282+N-N,yes,45,No,,B1,+N,sb1,spb2,NSL 30867,M14,Nitrogen,1,1,19.6
1217,JY,2019,Havelock,282+N-N,yes,45,No,,B1,+N,sb1,spb2,Ames 28364,IA2132,Nitrogen,1,1,24.26666667
1219,JY,2019,Havelock,282+N-N,yes,45,No,,B1,+N,sb1,spb2,PI 587127,H105W,Nitrogen,1,1,28.76666667
1221,JY,2019,Havelock,282+N-N,yes,45,No,,B1,+N,sb1,spb2,PI 587129,H99,Nitrogen,1,1,19.86666667
1223,JY,2019,Havelock,282+N-N,yes,45,No,,B1,+N,sb1,spb2,Ames 24752,MS1334,Nitrogen,1,1,21.76666667
1225,JY,2019,Havelock,282+N-N,yes,45,No,,B1,+N,sb1,spb2,PI 583352,Mo47,Nitrogen,1,1,22.4
1227,JY,2019,Havelock,282+N-N,yes,45,No,,B1,+N,sb1,spb2,Ames 27106,CO125,Nitrogen,1,1,21.41666667
1229,JY,2019,Havelock,282+N-N,yes,45,No,,B1,+N,sb1,spb3,Ames 27161,NC330,Nitrogen,1,1,25.26666667
1231,JY,2019,Havelock,282+N-N,yes,45,No,,B1,+N,sb1,spb3,Ames 27163,NC334,Nitrogen,1,1,17.16666667
1233,JY,2019,Havelock,282+N-N,yes,45,No,,B1,+N,sb1,spb3,Ames 28186,P39,Nitrogen,1,1,17.45
1235,JY,2019,Havelock,282+N-N,yes,45,No,,B1,+N,sb1,spb3,Ames 27152,NC312,Nitrogen,1,1,20.3
1237,JY,2019,Havelock,282+N-N,yes,45,No,,B1,+N,sb1,spb3,Ames 27150,NC308,Nitrogen,1,1,21.53333333
1239,JY,2019,Havelock,282+N-N,yes,45,No,,B1,+N,sb1,spb3,PI 587145,NC268,Nitrogen,1,1,20.28333333
1241,JY,2019,Havelock,282+N-N,yes,45,No,,B1,+N,sb1,spb3,PI 550490,ND246,Nitrogen,1,1,19.73333333
1243,JY,2019,Havelock,282+N-N,yes,45,No,,B1,+N,sb2,spb1,Ames 27097,CML323,Nitrogen,1,1,22.1
1245,JY,2019,Havelock,282+N-N,yes,45,No,,B1,+N,sb2,spb1,Ames 26138,CI187-2,Nitrogen,1,1,
1247,JY,2019,Havelock,282+N-N,yes,45,No,,B1,+N,sb2,spb1,Ames 22440,CI90C,Nitrogen,1,1,23.4
1249,JY,2019,Havelock,282+N-N,yes,45,No,,B1,+N,sb2,spb1,PI 594048,B105,Nitrogen,1,1,22.93333333
1251,JY,2019,Havelock,282+N-N,yes,45,No,,B1,+N,sb2,spb1,Ames 22754,K55,Nitrogen,1,1,28.53333333
1253,JY,2019,Havelock,282+N-N,yes,45,No,,B1,+N,sb2,spb1,PI 550472,B57,Nitrogen,1,1,27.01666667
1255,JY,2019,Havelock,282+N-N,yes,45,No,,B1,+N,sb2,spb1,PI 587128,H84,Nitrogen,1,1,21.9
1257,JY,2019,Havelock,282+N-N,yes,45,No,,B1,+N,sb2,spb2,PI 543916,Mp339,Nitrogen,1,1,20.15
1259,JY,2019,Havelock,282+N-N,yes,45,No,,B1,+N,sb2,spb2,Ames 12732,NC232,Nitrogen,1,1,31.1
1261,JY,2019,Havelock,282+N-N,yes,45,No,,B1,+N,sb2,spb2,Ames 27124,Ki11,Nitrogen,1,1,27.73333333
1263,JY,2019,Havelock,282+N-N,yes,45,No,,B1,+N,sb2,spb2,PI 583351,Mo46,Nitrogen,1,1,26.76666667
1265,JY,2019,Havelock,282+N-N,yes,45,No,,B1,+N,sb2,spb2,Ames 27174,NC356,Nitrogen,1,1,20.6
1267,JY,2019,Havelock,282+N-N,yes,45,No,,B1,+N,sb2,spb2,Ames 27138,N28Ht,Nitrogen,1,1,23.26666667
1269,JY,2019,Havelock,282+N-N,yes,45,No,,B1,+N,sb2,spb2,PI 550555,NC250,Nitrogen,1,1,23.98333333
1271,JY,2019,Havelock,282+N-N,yes,45,No,,B1,+N,sb2,spb3,PI 587150,Va35,Nitrogen,1,1,21.85
1273,JY,2019,Havelock,282+N-N,yes,45,No,,B1,+N,sb2,spb3,Ames 27194,W401,Nitrogen,1,1,21
1275,JY,2019,Havelock,282+N-N,yes,45,No,,B1,+N,sb2,spb3,PI 686066,SG18,Nitrogen,1,1,17.9
1277,JY,2019,Havelock,282+N-N,yes,45,No,,B1,+N,sb2,spb3,Ames 27190,T234,Nitrogen,1,1,21.675
1279,JY,2019,Havelock,282+N-N,yes,45,No,,B1,+N,sb2,spb3,Ames 19000,VaW6,Nitrogen,1,1,21.4
1281,JY,2019,Havelock,282+N-N,yes,45,No,,B1,+N,sb2,spb3,NSL 53094,SC357,Nitrogen,1,1,21.66
1283,JY,2019,Havelock,282+N-N,yes,45,No,,B1,+N,sb2,spb3,Ames 27182,NC372,Nitrogen,1,1,25.36666667
1301,JY,2019,Havelock,282+N-N,yes,45,No,,B1,+N,sb3,spb1,Ames 26604,38-11,Nitrogen,1,1,22.66666667
1303,JY,2019,Havelock,282+N-N,yes,45,No,,B1,+N,sb3,spb1,Ames 27085,CML158Q,Nitrogen,1,1,23.96666667
1305,JY,2019,Havelock,282+N-N,yes,45,No,,B1,+N,sb3,spb1,Ames 27082,CML108,Nitrogen,1,1,27.93333333
1307,JY,2019,Havelock,282+N-N,yes,45,No,,B1,+N,sb3,spb1,Check,Check,Nitrogen,1,1,20.06666667
1309,JY,2019,Havelock,282+N-N,yes,45,No,,B1,+N,sb3,spb1,Check,Check,Nitrogen,1,1,21.23333333
1311,JY,2019,Havelock,282+N-N,yes,45,No,,B1,+N,sb3,spb1,Check,Check,Nitrogen,1,1,19.3
1313,JY,2019,Havelock,282+N-N,yes,45,No,,B1,+N,sb3,spb1,PI 595542,CML254,Nitrogen,1,1,17.75
1315,JY,2019,Havelock,282+N-N,yes,45,No,,B1,+N,sb3,spb2,Ames 27165,NC338,Nitrogen,1,1,22.5
1317,JY,2019,Havelock,282+N-N,yes,45,No,,B1,+N,sb3,spb2,Ames 27169,NC346,Nitrogen,1,1,21.85
1319,JY,2019,Havelock,282+N-N,yes,45,No,,B1,+N,sb3,spb2,Ames 27170,NC348,Nitrogen,1,1,18.06666667
1321,JY,2019,Havelock,282+N-N,yes,45,No,,B1,+N,sb3,spb2,Ames 27110,E2558W,Nitrogen,1,1,20.36666667
1323,JY,2019,Havelock,282+N-N,yes,45,No,,B1,+N,sb3,spb2,Check,Check,Nitrogen,1,1,19.86666667
1325,JY,2019,Havelock,282+N-N,yes,45,No,,B1,+N,sb3,spb2,Ames 27156,NC320,Nitrogen,1,1,21.76666667
1327,JY,2019,Havelock,282+N-N,yes,45,No,,B1,+N,sb3,spb2,PI 550558,DE811,Nitrogen,1,1,20.5
1329,JY,2019,Havelock,282+N-N,yes,45,No,,B1,+N,sb3,spb3,Ames 27129,KUI2021,Nitrogen,1,1,27.23333333
1331,JY,2019,Havelock,282+N-N,yes,45,No,,B1,+N,sb3,spb3,Check,Check,Nitrogen,1,1,22.43333333
1333,JY,2019,Havelock,282+N-N,yes,45,No,,B1,+N,sb3,spb3,PI 506255,Tzi25,Nitrogen,1,1,23.27
1335,JY,2019,Havelock,282+N-N,yes,45,No,,B1,+N,sb3,spb3,Check,Check,Nitrogen,1,1,20.4
1337,JY,2019,Havelock,282+N-N,yes,45,No,,B1,+N,sb3,spb3,PI 506246,Tzi8,Nitrogen,1,1,21.56666667
1339,JY,2019,Havelock,282+N-N,yes,45,No,,B1,+N,sb3,spb3,Ames 26808,Ill.Hy,Nitrogen,1,1,26.26666667
1341,JY,2019,Havelock,282+N-N,yes,45,No,,B1,+N,sb3,spb3,PI 587147,Pa91,Nitrogen,1,1,23.53333333
1343,JY,2019,Havelock,282+N-N,yes,45,No,,B1,+N,sb4,spb1,PI 587142,A679,Nitrogen,1,1,23.725
1345,JY,2019,Havelock,282+N-N,yes,45,No,,B1,+N,sb4,spb1,PI 550469,B46,Nitrogen,1,1,25.05
1347,JY,2019,Havelock,282+N-N,yes,45,No,,B1,+N,sb4,spb1,Ames 27114,H91,Nitrogen,1,1,23.11666667
1349,JY,2019,Havelock,282+N-N,yes,45,No,,B1,+N,sb4,spb1,PI 550461,B14A,Nitrogen,1,1,24.28
1351,JY,2019,Havelock,282+N-N,yes,45,No,,B1,+N,sb4,spb1,Ames 23503,A680,Nitrogen,1,1,23.7
1353,JY,2019,Havelock,282+N-N,yes,45,No,,B1,+N,sb4,spb1,PI 550473,B73,Nitrogen,1,1,26.7
1355,JY,2019,Havelock,282+N-N,yes,45,No,,B1,+N,sb4,spb1,NSL 30904,4226,Nitrogen,1,1,21.56666667
1357,JY,2019,Havelock,282+N-N,yes,45,No,,B1,+N,sb4,spb2,Check,Check,Nitrogen,1,1,19.73333333
1359,JY,2019,Havelock,282+N-N,yes,45,No,,B1,+N,sb4,spb2,Ames 27143,NC294,Nitrogen,1,1,21.46666667
1361,JY,2019,Havelock,282+N-N,yes,45,No,,B1,+N,sb4,spb2,Ames 27140,NC260,Nitrogen,1,1,21.4
1363,JY,2019,Havelock,282+N-N,yes,45,No,,B1,+N,sb4,spb2,Ames 27177,NC362,Nitrogen,1,1,23.7
1365,JY,2019,Havelock,282+N-N,yes,45,No,,B1,+N,sb4,spb2,PI 517974,Pa880,Nitrogen,1,1,23.6
1367,JY,2019,Havelock,282+N-N,yes,45,No,,B1,+N,sb4,spb2,NSL 30894,R177,Nitrogen,1,1,22.91666667
1369,JY,2019,Havelock,282+N-N,yes,45,No,,B1,+N,sb4,spb2,PI 558532,Mo17,Nitrogen,1,1,19.23333333
1371,JY,2019,Havelock,282+N-N,yes,45,No,,B1,+N,sb4,spb3,CIze 44,CI44,Nitrogen,1,1,20.71666667
1373,JY,2019,Havelock,282+N-N,yes,45,No,,B1,+N,sb4,spb3,Check,Check,Nitrogen,1,1,20.3
1375,JY,2019,Havelock,282+N-N,yes,45,No,,B1,+N,sb4,spb3,Ames 31536,A214NGoodman-Buckler,Nitrogen,1,1,18.6
1377,JY,2019,Havelock,282+N-N,yes,45,No,,B1,+N,sb4,spb3,PI 587125,CO109,Nitrogen,1,1,19.28333333
1379,JY,2019,Havelock,282+N-N,yes,45,No,,B1,+N,sb4,spb3,Ames 31535,38-11Goodman-Buckler,Nitrogen,1,1,21.65
1381,JY,2019,Havelock,282+N-N,yes,45,No,,B1,+N,sb4,spb3,Ames 28290,C49,Nitrogen,1,1,24.42
1383,JY,2019,Havelock,282+N-N,yes,45,No,,B1,+N,sb4,spb3,PI 550518,T8,Nitrogen,1,1,20.38333333
1401,JY,2019,Havelock,282+N-N,yes,45,No,,B1,+N,sb3,spb1,Ames 27094,CML314,Nitrogen,1,1,23.43333333
1403,JY,2019,Havelock,282+N-N,yes,45,No,,B1,+N,sb3,spb1,Check,Check,Nitrogen,1,1,19.2
1405,JY,2019,Havelock,282+N-N,yes,45,No,,B1,+N,sb3,spb1,Ames 27086,CML218,Nitrogen,1,1,21.23333333
1407,JY,2019,Havelock,282+N-N,yes,45,No,,B1,+N,sb3,spb1,Ames 27081,CML103,Nitrogen,1,1,20.66666667
1409,JY,2019,Havelock,282+N-N,yes,45,No,,B1,+N,sb3,spb1,Check,Check,Nitrogen,1,1,19.46666667
1411,JY,2019,Havelock,282+N-N,yes,45,No,,B1,+N,sb3,spb1,Ames 27091,CML261,Nitrogen,1,1,18.575
1413,JY,2019,Havelock,282+N-N,yes,45,No,,B1,+N,sb3,spb1,PI 587130,4722,Nitrogen,1,1,20.16666667
1415,JY,2019,Havelock,282+N-N,yes,45,No,,B1,+N,sb3,spb2,Ames 27134,M162W,Nitrogen,1,1,23.9
1417,JY,2019,Havelock,282+N-N,yes,45,No,,B1,+N,sb3,spb2,Ames 27133,M37W,Nitrogen,1,1,22.9
1419,JY,2019,Havelock,282+N-N,yes,45,No,,B1,+N,sb3,spb2,Ames 27155,NC318,Nitrogen,1,1,15.93333333
1421,JY,2019,Havelock,282+N-N,yes,45,No,,B1,+N,sb3,spb2,Ames 10248,GA209,Nitrogen,1,1,20.9
1423,JY,2019,Havelock,282+N-N,yes,45,No,,B1,+N,sb3,spb2,Ames 28184,CML69,Nitrogen,1,1,22.92
1425,JY,2019,Havelock,282+N-N,yes,45,No,,B1,+N,sb3,spb2,PI 531084,NC258,Nitrogen,1,1,22.53333333
1427,JY,2019,Havelock,282+N-N,yes,45,No,,B1,+N,sb3,spb2,NSL 22893,F44,Nitrogen,1,1,16.86666667
1429,JY,2019,Havelock,282+N-N,yes,45,No,,B1,+N,sb3,spb3,Ames 27189,SC55,Nitrogen,1,1,22.76666667
1431,JY,2019,Havelock,282+N-N,yes,45,No,,B1,+N,sb3,spb3,PI 257506,F2,Nitrogen,1,1,19.975
1433,JY,2019,Havelock,282+N-N,yes,45,No,,B1,+N,sb3,spb3,Ames 27119,Il101T,Nitrogen,1,1,19.96666667
1435,JY,2019,Havelock,282+N-N,yes,45,No,,B1,+N,sb3,spb3,PI 606330,DE2,Nitrogen,1,1,27.5
1437,JY,2019,Havelock,282+N-N,yes,45,No,,B1,+N,sb3,spb3,Ames 22763,Tx601,Nitrogen,1,1,26.46
1439,JY,2019,Havelock,282+N-N,yes,45,No,,B1,+N,sb3,spb3,Check,Check,Nitrogen,1,1,20.73333333
1441,JY,2019,Havelock,282+N-N,yes,45,No,,B1,+N,sb3,spb3,PI 550522,T232,Nitrogen,1,1,22.23333333
1443,JY,2019,Havelock,282+N-N,yes,45,No,,B1,+N,sb4,spb1,PI 564682,B97,Nitrogen,1,1,23.25
1445,JY,2019,Havelock,282+N-N,yes,45,No,,B1,+N,sb4,spb1,Ames 26769,B2,Nitrogen,1,1,25.15
1447,JY,2019,Havelock,282+N-N,yes,45,No,,B1,+N,sb4,spb1,PI 608765,B77,Nitrogen,1,1,20.63333333
1449,JY,2019,Havelock,282+N-N,yes,45,No,,B1,+N,sb4,spb1,Ames 26116,CI3A,Nitrogen,1,1,22.76666667
1451,JY,2019,Havelock,282+N-N,yes,45,No,,B1,+N,sb4,spb1,PI 550467,B37,Nitrogen,1,1,26
1453,JY,2019,Havelock,282+N-N,yes,45,No,,B1,+N,sb4,spb1,Ames 19314,CI64,Nitrogen,1,1,26
1455,JY,2019,Havelock,282+N-N,yes,45,No,,B1,+N,sb4,spb1,PI 597927,B109,Nitrogen,1,1,24.66666667
1457,JY,2019,Havelock,282+N-N,yes,45,No,,B1,+N,sb4,spb2,Ames 27167,NC342,Nitrogen,1,1,23.93333333
1459,JY,2019,Havelock,282+N-N,yes,45,No,,B1,+N,sb4,spb2,NSL 65873,L317,Nitrogen,1,1,21.03333333
1461,JY,2019,Havelock,282+N-N,yes,45,No,,B1,+N,sb4,spb2,Ames 28939,Mo44,Nitrogen,1,1,24.03333333
1463,JY,2019,Havelock,282+N-N,yes,45,No,,B1,+N,sb4,spb2,PI 583350,Mo45,Nitrogen,1,1,22.76666667
1465,JY,2019,Havelock,282+N-N,yes,45,No,,B1,+N,sb4,spb2,Ames 27180,NC368,Nitrogen,1,1,23.43333333
1467,JY,2019,Havelock,282+N-N,yes,45,No,,B1,+N,sb4,spb2,NSL 28966,Oh40B,Nitrogen,1,1,21.63333333
1469,JY,2019,Havelock,282+N-N,yes,45,No,,B1,+N,sb4,spb2,Ames 27151,NC310,Nitrogen,1,1,25.06666667
1471,JY,2019,Havelock,282+N-N,yes,45,No,,B1,+N,sb4,spb3,Ames 19293,Wf9,Nitrogen,1,1,26.61666667
1473,JY,2019,Havelock,282+N-N,yes,45,No,,B1,+N,sb4,spb3,PI 587132,Sg1533,Nitrogen,1,1,17.86666667
1475,JY,2019,Havelock,282+N-N,yes,45,No,,B1,+N,sb4,spb3,Ames 26771,33-16,Nitrogen,1,1,23.43333333
1477,JY,2019,Havelock,282+N-N,yes,45,No,,B1,+N,sb4,spb3,PI 592734,R229,Nitrogen,1,1,25.13333333
1479,JY,2019,Havelock,282+N-N,yes,45,No,,B1,+N,sb4,spb3,Ames 27196,Yu796_NS,Nitrogen,1,1,20.56666667
1481,JY,2019,Havelock,282+N-N,yes,45,No,,B1,+N,sb4,spb3,Ames 27193,Va85,Nitrogen,1,1,23.88
1483,JY,2019,Havelock,282+N-N,yes,45,No,,B1,+N,sb4,spb3,Check,Check,Nitrogen,1,1,18.06666667
1501,JY,2019,Havelock,282+N-N,yes,45,No,,B1,+N,sb3,spb1,PI 595550,CML277,Nitrogen,1,1,22.5
1503,JY,2019,Havelock,282+N-N,yes,45,No,,B1,+N,sb3,spb1,PI 406112,A214N,Nitrogen,1,1,19.03333333
1505,JY,2019,Havelock,282+N-N,yes,45,No,,B1,+N,sb3,spb1,PI 550465,B68,Nitrogen,1,1,23.68333333
1507,JY,2019,Havelock,282+N-N,yes,45,No,,B1,+N,sb3,spb1,Ames 27096,CML322,Nitrogen,1,1,24.675
1509,JY,2019,Havelock,282+N-N,yes,45,No,,B1,+N,sb3,spb1,Ames 27101,CML333,Nitrogen,1,1,24.42
1511,JY,2019,Havelock,282+N-N,yes,45,No,,B1,+N,sb3,spb1,Ames 27072,CML10,Nitrogen,1,1,20.73333333
1513,JY,2019,Havelock,282+N-N,yes,45,No,,B1,+N,sb3,spb1,PI 595561,CML52,Nitrogen,1,1,21.75
1515,JY,2019,Havelock,282+N-N,yes,45,No,,B1,+N,sb3,spb2,PI 587144,Mo24W,Nitrogen,1,1,31.24
1517,JY,2019,Havelock,282+N-N,yes,45,No,,B1,+N,sb3,spb2,Check,Check,Nitrogen,1,1,20.8
1519,JY,2019,Havelock,282+N-N,yes,45,No,,B1,+N,sb3,spb2,Ames 12729,NC222,Nitrogen,1,1,23
1521,JY,2019,Havelock,282+N-N,yes,45,No,,B1,+N,sb3,spb2,Ames 27144,NC296,Nitrogen,1,1,19.8
1523,JY,2019,Havelock,282+N-N,yes,45,No,,B1,+N,sb3,spb2,NSL 30038,K4,Nitrogen,1,1,20.3
1525,JY,2019,Havelock,282+N-N,yes,45,No,,B1,+N,sb3,spb2,Check,Check,Nitrogen,1,1,20.66666667
1527,JY,2019,Havelock,282+N-N,yes,45,No,,B1,+N,sb3,spb2,Ames 27121,K64,Nitrogen,1,1,24.86666667
1529,JY,2019,Havelock,282+N-N,yes,45,No,,B1,+N,sb3,spb3,PI 506248,Tzi10,Nitrogen,1,1,
1531,JY,2019,Havelock,282+N-N,yes,45,No,,B1,+N,sb3,spb3,Ames 27179,NC366,Nitrogen,1,1,19.83333333
1533,JY,2019,Havelock,282+N-N,yes,45,No,,B1,+N,sb3,spb3,PI 540745,Tzi11,Nitrogen,1,1,19.775
1535,JY,2019,Havelock,282+N-N,yes,45,No,,B1,+N,sb3,spb3,Ames 27131,Ky226,Nitrogen,1,1,23.325
1537,JY,2019,Havelock,282+N-N,yes,45,No,,B1,+N,sb3,spb3,PI 558520,Mo1W,Nitrogen,1,1,24
1539,JY,2019,Havelock,282+N-N,yes,45,No,,B1,+N,sb3,spb3,Ames 22748,H100,Nitrogen,1,1,25.46666667
1541,JY,2019,Havelock,282+N-N,yes,45,No,,B1,+N,sb3,spb3,PI 506253,Tzi18,Nitrogen,1,1,25.16666667
1543,JY,2019,Havelock,282+N-N,yes,45,No,,B1,+N,sb4,spb1,Ames 27065,B73Htrhm,Nitrogen,1,1,26.76666667
1545,JY,2019,Havelock,282+N-N,yes,45,No,,B1,+N,sb4,spb1,Ames 27069,CH701-30,Nitrogen,1,1,18.8
1547,JY,2019,Havelock,282+N-N,yes,45,No,,B1,+N,sb4,spb1,PI 686059,IDS28,Nitrogen,1,1,21.7
1549,JY,2019,Havelock,282+N-N,yes,45,No,,B1,+N,sb4,spb1,Check,Check,Nitrogen,1,1,20.86666667
1551,JY,2019,Havelock,282+N-N,yes,45,No,,B1,+N,sb4,spb1,PI 608767,B84,Nitrogen,1,1,24.26
1553,JY,2019,Havelock,282+N-N,yes,45,No,,B1,+N,sb4,spb1,PI 587140,A632,Nitrogen,1,1,23.8
1555,JY,2019,Havelock,282+N-N,yes,45,No,,B1,+N,sb4,spb1,Ames 27066,B164,Nitrogen,1,1,20.23333333
1557,JY,2019,Havelock,282+N-N,yes,45,No,,B1,+N,sb4,spb2,Ames 27149,NC306,Nitrogen,1,1,23.16666667
1559,JY,2019,Havelock,282+N-N,yes,45,No,,B1,+N,sb4,spb2,NSL 65874,Os420,Nitrogen,1,1,27.48
1561,JY,2019,Havelock,282+N-N,yes,45,No,,B1,+N,sb4,spb2,Ames 27178,NC364,Nitrogen,1,1,25.175
1563,JY,2019,Havelock,282+N-N,yes,45,No,,B1,+N,sb4,spb2,Ames 27160,NC328,Nitrogen,1,1,25.8
1565,JY,2019,Havelock,282+N-N,yes,45,No,,B1,+N,sb4,spb2,Ames 27159,NC326,Nitrogen,1,1,28.38333333
1567,JY,2019,Havelock,282+N-N,yes,45,No,,B1,+N,sb4,spb2,Ames 27118,Il14H,Nitrogen,1,1,22.05
1569,JY,2019,Havelock,282+N-N,yes,45,No,,B1,+N,sb4,spb2,Ames 27168,NC344,Nitrogen,1,1,23.4
1571,JY,2019,Havelock,282+N-N,yes,45,No,,B1,+N,sb4,spb3,PI 587149,Va26,Nitrogen,1,1,25.8
1573,JY,2019,Havelock,282+N-N,yes,45,No,,B1,+N,sb4,spb3,Ames 19328,Va22,Nitrogen,1,1,22.93333333
1575,JY,2019,Havelock,282+N-N,yes,45,No,,B1,+N,sb4,spb3,Ames 31534,CI90CGoodman-Buckler,Nitrogen,1,1,21.7
1577,JY,2019,Havelock,282+N-N,yes,45,No,,B1,+N,sb4,spb3,PI 606768,SD40,Nitrogen,1,1,23.25
1579,JY,2019,Havelock,282+N-N,yes,45,No,,B1,+N,sb4,spb3,Ames 28367,CI7Goodman-Buckler,Nitrogen,1,1,24.46666667
1581,JY,2019,Havelock,282+N-N,yes,45,No,,B1,+N,sb4,spb3,Ames 27187,R4,Nitrogen,1,1,22.73333333
1583,JY,2019,Havelock,282+N-N,yes,45,No,,B1,+N,sb4,spb3,Ames 24989,Va99,Nitrogen,1,1,22.7
2001,JY,2019,Havelock,282+N-N,yes,45,No,,B1,-N,sb1,spb1,PI 587131,HP301,No Nitrogen,1,2,17.325
2003,JY,2019,Havelock,282+N-N,yes,45,No,,B1,-N,sb1,spb1,PI 550472,B57,No Nitrogen,1,2,24.46666667
2005,JY,2019,Havelock,282+N-N,yes,45,No,,B1,-N,sb1,spb1,Ames 19284,C103,No Nitrogen,1,2,24.88333333
2007,JY,2019,Havelock,282+N-N,yes,45,No,,B1,-N,sb1,spb1,PI 594047,B104,No Nitrogen,1,2,29.36666667
2009,JY,2019,Havelock,282+N-N,yes,45,No,,B1,-N,sb1,spb1,Ames 19319,H95,No Nitrogen,1,2,24.96666667
2011,JY,2019,Havelock,282+N-N,yes,45,No,,B1,-N,sb1,spb1,Check,Check,No Nitrogen,1,2,21.96666667
2013,JY,2019,Havelock,282+N-N,yes,45,No,,B1,-N,sb1,spb1,Ames 22754,K55,No Nitrogen,1,2,28.3
2015,JY,2019,Havelock,282+N-N,yes,45,No,,B1,-N,sb1,spb2,PI 550555,NC250,No Nitrogen,1,2,
2017,JY,2019,Havelock,282+N-N,yes,45,No,,B1,-N,sb1,spb2,Ames 12732,NC232,No Nitrogen,1,2,31.66666667
2019,JY,2019,Havelock,282+N-N,yes,45,No,,B1,-N,sb1,spb2,Ames 27138,N28Ht,No Nitrogen,1,2,27.23333333
2021,JY,2019,Havelock,282+N-N,yes,45,No,,B1,-N,sb1,spb2,Ames 12731,NC230,No Nitrogen,1,2,22.8
2023,JY,2019,Havelock,282+N-N,yes,45,No,,B1,-N,sb1,spb2,Ames 27147,NC302,No Nitrogen,1,2,22.53333333
2025,JY,2019,Havelock,282+N-N,yes,45,No,,B1,-N,sb1,spb2,Ames 27261,NC298,No Nitrogen,1,2,21.4
2027,JY,2019,Havelock,282+N-N,yes,45,No,,B1,-N,sb1,spb2,Ames 27172,NC352,No Nitrogen,1,2,22.16666667
2029,JY,2019,Havelock,282+N-N,yes,45,No,,B1,-N,sb1,spb3,PI 686066,SG18,No Nitrogen,1,2,18.4
2031,JY,2019,Havelock,282+N-N,yes,45,No,,B1,-N,sb1,spb3,PI 573098,Oh603,No Nitrogen,1,2,22.01666667
2033,JY,2019,Havelock,282+N-N,yes,45,No,,B1,-N,sb1,spb3,Ames 27182,NC372,No Nitrogen,1,2,27.13333333
2035,JY,2019,Havelock,282+N-N,yes,45,No,,B1,-N,sb1,spb3,Ames 27194,W401,No Nitrogen,1,2,20.2
2037,JY,2019,Havelock,282+N-N,yes,45,No,,B1,-N,sb1,spb3,Check,Check,No Nitrogen,1,2,22.65
2039,JY,2019,Havelock,282+N-N,yes,45,No,,B1,-N,sb1,spb3,PI 686065,SA24,No Nitrogen,1,2,15.96666667
2041,JY,2019,Havelock,282+N-N,yes,45,No,,B1,-N,sb1,spb3,Ames 27185,Pa875,No Nitrogen,1,2,17.5
2043,JY,2019,Havelock,282+N-N,yes,45,No,,B1,-N,sb2,spb1,PI 587138,A554,No Nitrogen,1,2,21.86666667
2045,JY,2019,Havelock,282+N-N,yes,45,No,,B1,-N,sb2,spb1,NSL 81599,A659,No Nitrogen,1,2,24.53333333
2047,JY,2019,Havelock,282+N-N,yes,45,No,,B1,-N,sb2,spb1,Ames 23405,A239,No Nitrogen,1,2,21.975
2049,JY,2019,Havelock,282+N-N,yes,45,No,,B1,-N,sb2,spb1,Ames 23450,A556,No Nitrogen,1,2,22.46666667
2051,JY,2019,Havelock,282+N-N,yes,45,No,,B1,-N,sb2,spb1,Ames 27067,C49A,No Nitrogen,1,2,25.9
2053,JY,2019,Havelock,282+N-N,yes,45,No,,B1,-N,sb2,spb1,Ames 19311,A641,No Nitrogen,1,2,22.88
2055,JY,2019,Havelock,282+N-N,yes,45,No,,B1,-N,sb2,spb1,Ames 19316,CM174,No Nitrogen,1,2,25.56666667
2057,JY,2019,Havelock,282+N-N,yes,45,No,,B1,-N,sb2,spb2,PI 257507,F7,No Nitrogen,1,2,19.85
2059,JY,2019,Havelock,282+N-N,yes,45,No,,B1,-N,sb2,spb2,PI 686057,I29,No Nitrogen,1,2,24.33333333
2061,JY,2019,Havelock,282+N-N,yes,45,No,,B1,-N,sb2,spb2,Ames 27106,CO125,No Nitrogen,1,2,20.73333333
2063,JY,2019,Havelock,282+N-N,yes,45,No,,B1,-N,sb2,spb2,Ames 27070,CM7,No Nitrogen,1,2,19.125
2065,JY,2019,Havelock,282+N-N,yes,45,No,,B1,-N,sb2,spb2,Ames 24734,MS153,No Nitrogen,1,2,26.11666667
2067,JY,2019,Havelock,282+N-N,yes,45,No,,B1,-N,sb2,spb2,Ames 27104,CMV3,No Nitrogen,1,2,22.7
2069,JY,2019,Havelock,282+N-N,yes,45,No,,B1,-N,sb2,spb2,Ames 27105,CO106,No Nitrogen,1,2,20.23333333
2071,JY,2019,Havelock,282+N-N,yes,45,No,,B1,-N,sb2,spb3,Ames 27162,NC332,No Nitrogen,1,2,26.46666667
2073,JY,2019,Havelock,282+N-N,yes,45,No,,B1,-N,sb2,spb3,PI 550490,ND246,No Nitrogen,1,2,19.52
2075,JY,2019,Havelock,282+N-N,yes,45,No,,B1,-N,sb2,spb3,Ames 19288,Oh43,No Nitrogen,1,2,24.25
2077,JY,2019,Havelock,282+N-N,yes,45,No,,B1,-N,sb2,spb3,Ames 27154,NC316,No Nitrogen,1,2,17.8
2079,JY,2019,Havelock,282+N-N,yes,45,No,,B1,-N,sb2,spb3,PI 524969,SD44,No Nitrogen,1,2,21.6
2081,JY,2019,Havelock,282+N-N,yes,45,No,,B1,-N,sb2,spb3,Ames 19016,Va59,No Nitrogen,1,2,22.3
2083,JY,2019,Havelock,282+N-N,yes,45,No,,B1,-N,sb2,spb3,Ames 28186,P39,No Nitrogen,1,2,21.875
2101,JY,2019,Havelock,282+N-N,yes,45,No,,B1,-N,sb1,spb1,Ames 19309,A635,No Nitrogen,1,2,19.73333333
2103,JY,2019,Havelock,282+N-N,yes,45,No,,B1,-N,sb1,spb1,Ames 21512,CI31A,No Nitrogen,1,2,21.36666667
2105,JY,2019,Havelock,282+N-N,yes,45,No,,B1,-N,sb1,spb1,Check,Check,No Nitrogen,1,2,
2107,JY,2019,Havelock,282+N-N,yes,45,No,,B1,-N,sb1,spb1,PI 594048,B105,No Nitrogen,1,2,
2109,JY,2019,Havelock,282+N-N,yes,45,No,,B1,-N,sb1,spb1,Ames 26138,CI187-2,No Nitrogen,1,2,
2111,JY,2019,Havelock,282+N-N,yes,45,No,,B1,-N,sb1,spb1,Ames 27087,CML220,No Nitrogen,1,2,
2113,JY,2019,Havelock,282+N-N,yes,45,No,,B1,-N,sb1,spb1,Ames 27097,CML323,No Nitrogen,1,2,24.46666667
2115,JY,2019,Havelock,282+N-N,yes,45,No,,B1,-N,sb1,spb2,Ames 27141,NC290A,No Nitrogen,1,2,
2117,JY,2019,Havelock,282+N-N,yes,45,No,,B1,-N,sb1,spb2,Ames 27137,N6,No Nitrogen,1,2,22.71666667
2119,JY,2019,Havelock,282+N-N,yes,45,No,,B1,-N,sb1,spb2,Check,Check,No Nitrogen,1,2,21.43333333
2121,JY,2019,Havelock,282+N-N,yes,45,No,,B1,-N,sb1,spb2,Ames 27174,NC356,No Nitrogen,1,2,
2123,JY,2019,Havelock,282+N-N,yes,45,No,,B1,-N,sb1,spb2,PI 520774,NC264,No Nitrogen,1,2,21.64
2125,JY,2019,Havelock,282+N-N,yes,45,No,,B1,-N,sb1,spb2,Ames 27158,NC324,No Nitrogen,1,2,22.43333333
2127,JY,2019,Havelock,282+N-N,yes,45,No,,B1,-N,sb1,spb2,Ames 28366,N7A,No Nitrogen,1,2,21.88333333
2129,JY,2019,Havelock,282+N-N,yes,45,No,,B1,-N,sb1,spb3,Ames 27190,T234,No Nitrogen,1,2,
2131,JY,2019,Havelock,282+N-N,yes,45,No,,B1,-N,sb1,spb3,Ames 27181,NC370,No Nitrogen,1,2,19.98333333
2133,JY,2019,Havelock,282+N-N,yes,45,No,,B1,-N,sb1,spb3,Ames 19000,VaW6,No Nitrogen,1,2,25.2
2135,JY,2019,Havelock,282+N-N,yes,45,No,,B1,-N,sb1,spb3,PI 587151,Va102,No Nitrogen,1,2,21.96666667
2137,JY,2019,Havelock,282+N-N,yes,45,No,,B1,-N,sb1,spb3,NSL 53094,SC357,No Nitrogen,1,2,20.16
2139,JY,2019,Havelock,282+N-N,yes,45,No,,B1,-N,sb1,spb3,Ames 27176,NC360,No Nitrogen,1,2,20.13333333
2141,JY,2019,Havelock,282+N-N,yes,45,No,,B1,-N,sb1,spb3,PI 587152,W64A,No Nitrogen,1,2,23
2143,JY,2019,Havelock,282+N-N,yes,45,No,,B1,-N,sb2,spb1,Ames 22443,A188,No Nitrogen,1,2,18.5
2145,JY,2019,Havelock,282+N-N,yes,45,No,,B1,-N,sb2,spb1,Ames 19313,C123,No Nitrogen,1,2,
2147,JY,2019,Havelock,282+N-N,yes,45,No,,B1,-N,sb2,spb1,PI 608774,B75,No Nitrogen,1,2,22.33333333
2149,JY,2019,Havelock,282+N-N,yes,45,No,,B1,-N,sb2,spb1,PI 607521,A661,No Nitrogen,1,2,21.84
2151,JY,2019,Havelock,282+N-N,yes,45,No,,B1,-N,sb2,spb1,PI 587139,A619,No Nitrogen,1,2,25.86666667
2153,JY,2019,Havelock,282+N-N,yes,45,No,,B1,-N,sb2,spb1,PI 594046,B103,No Nitrogen,1,2,18.83333333
2155,JY,2019,Havelock,282+N-N,yes,45,No,,B1,-N,sb2,spb1,Ames 27068,CH9,No Nitrogen,1,2,
2157,JY,2019,Havelock,282+N-N,yes,45,No,,B1,-N,sb2,spb2,Check,Check,No Nitrogen,1,2,22.75
2159,JY,2019,Havelock,282+N-N,yes,45,No,,B1,-N,sb2,spb2,Ames 20140,Mt42,No Nitrogen,1,2,20.25
2161,JY,2019,Havelock,282+N-N,yes,45,No,,B1,-N,sb2,spb2,PI 587129,H99,No Nitrogen,1,2,20.01666667
2163,JY,2019,Havelock,282+N-N,yes,45,No,,B1,-N,sb2,spb2,Ames 27135,MEF156-55-2,No Nitrogen,1,2,
2165,JY,2019,Havelock,282+N-N,yes,45,No,,B1,-N,sb2,spb2,Ames 20190,CM37,No Nitrogen,1,2,22
2167,JY,2019,Havelock,282+N-N,yes,45,No,,B1,-N,sb2,spb2,PI 583352,Mo47,No Nitrogen,1,2,20.8
2169,JY,2019,Havelock,282+N-N,yes,45,No,,B1,-N,sb2,spb2,PI 587135,Ia5125,No Nitrogen,1,2,22.54
2171,JY,2019,Havelock,282+N-N,yes,45,No,,B1,-N,sb2,spb3,PI 531085,NC262,No Nitrogen,1,2,27.36666667
2173,JY,2019,Havelock,282+N-N,yes,45,No,,B1,-N,sb2,spb3,Check,Check,No Nitrogen,1,2,20.3
2175,JY,2019,Havelock,282+N-N,yes,45,No,,B1,-N,sb2,spb3,Ames 27161,NC330,No Nitrogen,1,2,26.9
2177,JY,2019,Havelock,282+N-N,yes,45,No,,B1,-N,sb2,spb3,PI 587137,Ms71,No Nitrogen,1,2,24.05
2179,JY,2019,Havelock,282+N-N,yes,45,No,,B1,-N,sb2,spb3,Ames 27163,NC334,No Nitrogen,1,2,16.63333333
2181,JY,2019,Havelock,282+N-N,yes,45,No,,B1,-N,sb2,spb3,PI 587145,NC268,No Nitrogen,1,2,19.84
2183,JY,2019,Havelock,282+N-N,yes,45,No,,B1,-N,sb2,spb3,PI 550566,N192,No Nitrogen,1,2,24.85
2201,JY,2019,Havelock,282+N-N,yes,45,No,,B1,-N,sb1,spb1,Ames 22440,CI90C,No Nitrogen,1,2,20.7
2203,JY,2019,Havelock,282+N-N,yes,45,No,,B1,-N,sb1,spb1,PI 587128,H84,No Nitrogen,1,2,22.1
2205,JY,2019,Havelock,282+N-N,yes,45,No,,B1,-N,sb1,spb1,PI 608766,B79,No Nitrogen,1,2,27.28333333
2207,JY,2019,Havelock,282+N-N,yes,45,No,,B1,-N,sb1,spb1,Ames 27112,F2834T,No Nitrogen,1,2,18.83333333
2209,JY,2019,Havelock,282+N-N,yes,45,No,,B1,-N,sb1,spb1,Ames 27083,CML154Q,No Nitrogen,1,2,31.2
2211,JY,2019,Havelock,282+N-N,yes,45,No,,B1,-N,sb1,spb1,Ames 27120,Il677a,No Nitrogen,1,2,24.7
2213,JY,2019,Havelock,282+N-N,yes,45,No,,B1,-N,sb1,spb1,PI 606329,DE1,No Nitrogen,1,2,26.45
2215,JY,2019,Havelock,282+N-N,yes,45,No,,B1,-N,sb1,spb2,Ames 27124,Ki11,No Nitrogen,1,2,30.63333333
2217,JY,2019,Havelock,282+N-N,yes,45,No,,B1,-N,sb1,spb2,PI 543916,Mp339,No Nitrogen,1,2,22.2
2219,JY,2019,Havelock,282+N-N,yes,45,No,,B1,-N,sb1,spb2,PI 583351,Mo46,No Nitrogen,1,2,28.22
2221,JY,2019,Havelock,282+N-N,yes,45,No,,B1,-N,sb1,spb2,Ames 27260,Ki44,No Nitrogen,1,2,19
2223,JY,2019,Havelock,282+N-N,yes,45,No,,B1,-N,sb1,spb2,Check,Check,No Nitrogen,1,2,20.9
2225,JY,2019,Havelock,282+N-N,yes,45,No,,B1,-N,sb1,spb2,Ames 27175,NC358,No Nitrogen,1,2,20.76666667
2227,JY,2019,Havelock,282+N-N,yes,45,No,,B1,-N,sb1,spb2,Ames 27164,NC336,No Nitrogen,1,2,22.63333333
2229,JY,2019,Havelock,282+N-N,yes,45,No,,B1,-N,sb1,spb3,Ames 27183,Oh43E,No Nitrogen,1,2,21.3
2231,JY,2019,Havelock,282+N-N,yes,45,No,,B1,-N,sb1,spb3,NSL 30053,W22,No Nitrogen,1,2,22.25
2233,JY,2019,Havelock,282+N-N,yes,45,No,,B1,-N,sb1,spb3,Ames 8399,W117HT,No Nitrogen,1,2,20.83333333
2235,JY,2019,Havelock,282+N-N,yes,45,No,,B1,-N,sb1,spb3,Check,Check,No Nitrogen,1,2,20.1
2237,JY,2019,Havelock,282+N-N,yes,45,No,,B1,-N,sb1,spb3,PI 587150,Va35,No Nitrogen,1,2,21.62
2239,JY,2019,Havelock,282+N-N,yes,45,No,,B1,-N,sb1,spb3,Ames 19323,Oh7B,No Nitrogen,1,2,21.45
2241,JY,2019,Havelock,282+N-N,yes,45,No,,B1,-N,sb1,spb3,Ames 27184,Pa762,No Nitrogen,1,2,25.725
2243,JY,2019,Havelock,282+N-N,yes,45,No,,B1,-N,sb2,spb1,PI 550440,B64,No Nitrogen,1,2,22.73333333
2245,JY,2019,Havelock,282+N-N,yes,45,No,,B1,-N,sb2,spb1,Ames 19308,A634,No Nitrogen,1,2,23.16666667
2247,JY,2019,Havelock,282+N-N,yes,45,No,,B1,-N,sb2,spb1,PI 587141,A654,No Nitrogen,1,2,25.6
2249,JY,2019,Havelock,282+N-N,yes,45,No,,B1,-N,sb2,spb1,Check,Check,No Nitrogen,1,2,20.43333333
2251,JY,2019,Havelock,282+N-N,yes,45,No,,B1,-N,sb2,spb1,PI 550483,B76,No Nitrogen,1,2,24.35
2253,JY,2019,Havelock,282+N-N,yes,45,No,,B1,-N,sb2,spb1,PI 587143,A682,No Nitrogen,1,2,19.6
2255,JY,2019,Havelock,282+N-N,yes,45,No,,B1,-N,sb2,spb1,PI 587124,CM105,No Nitrogen,1,2,24.4
2257,JY,2019,Havelock,282+N-N,yes,45,No,,B1,-N,sb2,spb2,Ames 24752,MS1334,No Nitrogen,1,2,20.725
2259,JY,2019,Havelock,282+N-N,yes,45,No,,B1,-N,sb2,spb2,Ames 28364,IA2132,No Nitrogen,1,2,19.13333333
2261,JY,2019,Havelock,282+N-N,yes,45,No,,B1,-N,sb2,spb2,NSL 30867,M14,No Nitrogen,1,2,23.16666667
2263,JY,2019,Havelock,282+N-N,yes,45,No,,B1,-N,sb2,spb2,Ames 27111,EP1,No Nitrogen,1,2,17.66666667
2265,JY,2019,Havelock,282+N-N,yes,45,No,,B1,-N,sb2,spb2,PI 686063,IDS91,No Nitrogen,1,2,17.46666667
2267,JY,2019,Havelock,282+N-N,yes,45,No,,B1,-N,sb2,spb2,Ames 27107,CO255,No Nitrogen,1,2,22.1
2269,JY,2019,Havelock,282+N-N,yes,45,No,,B1,-N,sb2,spb2,PI 587127,H105W,No Nitrogen,1,2,29.625
2271,JY,2019,Havelock,282+N-N,yes,45,No,,B1,-N,sb2,spb3,Ames 27150,NC308,No Nitrogen,1,2,19.63333333
2273,JY,2019,Havelock,282+N-N,yes,45,No,,B1,-N,sb2,spb3,Ames 27142,NC292,No Nitrogen,1,2,29.48
2275,JY,2019,Havelock,282+N-N,yes,45,No,,B1,-N,sb2,spb3,Ames 27152,NC312,No Nitrogen,1,2,20.83333333
2277,JY,2019,Havelock,282+N-N,yes,45,No,,B1,-N,sb2,spb3,PI 587154,W153R,No Nitrogen,1,2,22.55
2279,JY,2019,Havelock,282+N-N,yes,45,No,,B1,-N,sb2,spb3,Ames 19326,R168,No Nitrogen,1,2,19.4
2281,JY,2019,Havelock,282+N-N,yes,45,No,,B1,-N,sb2,spb3,Check,Check,No Nitrogen,1,2,20.03333333
2283,JY,2019,Havelock,282+N-N,yes,45,No,,B1,-N,sb2,spb3,Ames 19330,W182B,No Nitrogen,1,2,21.65
2301,JY,2019,Havelock,282+N-N,yes,45,No,,B1,-N,sb3,spb1,PI 550469,B46,No Nitrogen,1,2,22.66666667
2303,JY,2019,Havelock,282+N-N,yes,45,No,,B1,-N,sb3,spb1,PI 686059,IDS28,No Nitrogen,1,2,17.2
2305,JY,2019,Havelock,282+N-N,yes,45,No,,B1,-N,sb3,spb1,PI 550467,B37,No Nitrogen,1,2,26.3
2307,JY,2019,Havelock,282+N-N,yes,45,No,,B1,-N,sb3,spb1,Check,Check,No Nitrogen,1,2,21.6
2309,JY,2019,Havelock,282+N-N,yes,45,No,,B1,-N,sb3,spb1,Ames 27066,B164,No Nitrogen,1,2,19.55
2311,JY,2019,Havelock,282+N-N,yes,45,No,,B1,-N,sb3,spb1,Check,Check,No Nitrogen,1,2,21.58
2313,JY,2019,Havelock,282+N-N,yes,45,No,,B1,-N,sb3,spb1,PI 550461,B14A,No Nitrogen,1,2,23.32
2315,JY,2019,Havelock,282+N-N,yes,45,No,,B1,-N,sb3,spb2,Ames 27140,NC260,No Nitrogen,1,2,25.6
2317,JY,2019,Havelock,282+N-N,yes,45,No,,B1,-N,sb3,spb2,NSL 30894,R177,No Nitrogen,1,2,
2319,JY,2019,Havelock,282+N-N,yes,45,No,,B1,-N,sb3,spb2,Ames 27151,NC310,No Nitrogen,1,2,27.43333333
2321,JY,2019,Havelock,282+N-N,yes,45,No,,B1,-N,sb3,spb2,Ames 27178,NC364,No Nitrogen,1,2,
2323,JY,2019,Havelock,282+N-N,yes,45,No,,B1,-N,sb3,spb2,NSL 65873,L317,No Nitrogen,1,2,
2325,JY,2019,Havelock,282+N-N,yes,45,No,,B1,-N,sb3,spb2,NSL 28966,Oh40B,No Nitrogen,1,2,21.21666667
2327,JY,2019,Havelock,282+N-N,yes,45,No,,B1,-N,sb3,spb2,Ames 27168,NC344,No Nitrogen,1,2,24.3
2329,JY,2019,Havelock,282+N-N,yes,45,No,,B1,-N,sb3,spb3,Ames 19328,Va22,No Nitrogen,1,2,
2331,JY,2019,Havelock,282+N-N,yes,45,No,,B1,-N,sb3,spb3,CIze 44,CI44,No Nitrogen,1,2,21.1
2333,JY,2019,Havelock,282+N-N,yes,45,No,,B1,-N,sb3,spb3,Ames 28290,C49,No Nitrogen,1,2,24.06666667
2335,JY,2019,Havelock,282+N-N,yes,45,No,,B1,-N,sb3,spb3,Ames 28367,CI7Goodman-Buckler,No Nitrogen,1,2,
2337,JY,2019,Havelock,282+N-N,yes,45,No,,B1,-N,sb3,spb3,Ames 27193,Va85,No Nitrogen,1,2,
2339,JY,2019,Havelock,282+N-N,yes,45,No,,B1,-N,sb3,spb3,PI 587149,Va26,No Nitrogen,1,2,25.11666667
2341,JY,2019,Havelock,282+N-N,yes,45,No,,B1,-N,sb3,spb3,Ames 26771,33-16,No Nitrogen,1,2,22.18333333
2343,JY,2019,Havelock,282+N-N,yes,45,No,,B1,-N,sb4,spb1,PI 595565,CML287,No Nitrogen,1,2,
2345,JY,2019,Havelock,282+N-N,yes,45,No,,B1,-N,sb4,spb1,Check,Check,No Nitrogen,1,2,21.23333333
2347,JY,2019,Havelock,282+N-N,yes,45,No,,B1,-N,sb4,spb1,Ames 27082,CML108,No Nitrogen,1,2,25.15
2349,JY,2019,Havelock,282+N-N,yes,45,No,,B1,-N,sb4,spb1,Ames 27091,CML261,No Nitrogen,1,2,17.45
2351,JY,2019,Havelock,282+N-N,yes,45,No,,B1,-N,sb4,spb1,Check,Check,No Nitrogen,1,2,27.1
2353,JY,2019,Havelock,282+N-N,yes,45,No,,B1,-N,sb4,spb1,Ames 27081,CML103,No Nitrogen,1,2,20.76666667
2355,JY,2019,Havelock,282+N-N,yes,45,No,,B1,-N,sb4,spb1,Ames 27101,CML333,No Nitrogen,1,2,23.53333333
2357,JY,2019,Havelock,282+N-N,yes,45,No,,B1,-N,sb4,spb2,Ames 27156,NC320,No Nitrogen,1,2,20.16666667
2359,JY,2019,Havelock,282+N-N,yes,45,No,,B1,-N,sb4,spb2,Ames 27165,NC338,No Nitrogen,1,2,25
2361,JY,2019,Havelock,282+N-N,yes,45,No,,B1,-N,sb4,spb2,NSL 30038,K4,No Nitrogen,1,2,23.3
2363,JY,2019,Havelock,282+N-N,yes,45,No,,B1,-N,sb4,spb2,PI 550558,DE811,No Nitrogen,1,2,17.1
2365,JY,2019,Havelock,282+N-N,yes,45,No,,B1,-N,sb4,spb2,Ames 27144,NC296,No Nitrogen,1,2,23.26666667
2367,JY,2019,Havelock,282+N-N,yes,45,No,,B1,-N,sb4,spb2,Ames 27110,E2558W,No Nitrogen,1,2,18.9
2369,JY,2019,Havelock,282+N-N,yes,45,No,,B1,-N,sb4,spb2,Check,Check,No Nitrogen,1,2,19.4
2371,JY,2019,Havelock,282+N-N,yes,45,No,,B1,-N,sb4,spb3,PI 506253,Tzi18,No Nitrogen,1,2,
2373,JY,2019,Havelock,282+N-N,yes,45,No,,B1,-N,sb4,spb3,Ames 27131,Ky226,No Nitrogen,1,2,24.16666667
2375,JY,2019,Havelock,282+N-N,yes,45,No,,B1,-N,sb4,spb3,Ames 22748,H100,No Nitrogen,1,2,21.73333333
2377,JY,2019,Havelock,282+N-N,yes,45,No,,B1,-N,sb4,spb3,PI 540745,Tzi11,No Nitrogen,1,2,21.83333333
2379,JY,2019,Havelock,282+N-N,yes,45,No,,B1,-N,sb4,spb3,PI 506255,Tzi25,No Nitrogen,1,2,22.73333333
2381,JY,2019,Havelock,282+N-N,yes,45,No,,B1,-N,sb4,spb3,Check,Check,No Nitrogen,1,2,
2383,JY,2019,Havelock,282+N-N,yes,45,No,,B1,-N,sb4,spb3,Ames 27179,NC366,No Nitrogen,1,2,19.93333333
2401,JY,2019,Havelock,282+N-N,yes,45,No,,B1,-N,sb3,spb1,Ames 27114,H91,No Nitrogen,1,2,25.9
2403,JY,2019,Havelock,282+N-N,yes,45,No,,B1,-N,sb3,spb1,NSL 30904,4226,No Nitrogen,1,2,
2405,JY,2019,Havelock,282+N-N,yes,45,No,,B1,-N,sb3,spb1,PI 550473,B73,No Nitrogen,1,2,
2407,JY,2019,Havelock,282+N-N,yes,45,No,,B1,-N,sb3,spb1,PI 608765,B77,No Nitrogen,1,2,
2409,JY,2019,Havelock,282+N-N,yes,45,No,,B1,-N,sb3,spb1,PI 587140,A632,No Nitrogen,1,2,
2411,JY,2019,Havelock,282+N-N,yes,45,No,,B1,-N,sb3,spb1,Ames 26769,B2,No Nitrogen,1,2,
2413,JY,2019,Havelock,282+N-N,yes,45,No,,B1,-N,sb3,spb1,Ames 27069,CH701-30,No Nitrogen,1,2,
2415,JY,2019,Havelock,282+N-N,yes,45,No,,B1,-N,sb3,spb2,NSL 65874,Os420,No Nitrogen,1,2,
2417,JY,2019,Havelock,282+N-N,yes,45,No,,B1,-N,sb3,spb2,PI 517974,Pa880,No Nitrogen,1,2,25.4
2419,JY,2019,Havelock,282+N-N,yes,45,No,,B1,-N,sb3,spb2,Ames 28939,Mo44,No Nitrogen,1,2,
2421,JY,2019,Havelock,282+N-N,yes,45,No,,B1,-N,sb3,spb2,Ames 27159,NC326,No Nitrogen,1,2,
2423,JY,2019,Havelock,282+N-N,yes,45,No,,B1,-N,sb3,spb2,Ames 27143,NC294,No Nitrogen,1,2,
2425,JY,2019,Havelock,282+N-N,yes,45,No,,B1,-N,sb3,spb2,Ames 27160,NC328,No Nitrogen,1,2,24.1
2427,JY,2019,Havelock,282+N-N,yes,45,No,,B1,-N,sb3,spb2,Ames 27118,Il14H,No Nitrogen,1,2,
2429,JY,2019,Havelock,282+N-N,yes,45,No,,B1,-N,sb3,spb3,Ames 19293,Wf9,No Nitrogen,1,2,
2431,JY,2019,Havelock,282+N-N,yes,45,No,,B1,-N,sb3,spb3,Ames 31536,A214NGoodman-Buckler,No Nitrogen,1,2,
2433,JY,2019,Havelock,282+N-N,yes,45,No,,B1,-N,sb3,spb3,Ames 27196,Yu796_NS,No Nitrogen,1,2,
2435,JY,2019,Havelock,282+N-N,yes,45,No,,B1,-N,sb3,spb3,Ames 31535,38-11Goodman-Buckler,No Nitrogen,1,2,23.93333333
2437,JY,2019,Havelock,282+N-N,yes,45,No,,B1,-N,sb3,spb3,PI 550518,T8,No Nitrogen,1,2,
2439,JY,2019,Havelock,282+N-N,yes,45,No,,B1,-N,sb3,spb3,PI 606768,SD40,No Nitrogen,1,2,
2441,JY,2019,Havelock,282+N-N,yes,45,No,,B1,-N,sb3,spb3,Ames 24989,Va99,No Nitrogen,1,2,
2443,JY,2019,Havelock,282+N-N,yes,45,No,,B1,-N,sb4,spb1,Check,Check,No Nitrogen,1,2,
2445,JY,2019,Havelock,282+N-N,yes,45,No,,B1,-N,sb4,spb1,Check,Check,No Nitrogen,1,2,
2447,JY,2019,Havelock,282+N-N,yes,45,No,,B1,-N,sb4,spb1,Check,Check,No Nitrogen,1,2,
2449,JY,2019,Havelock,282+N-N,yes,45,No,,B1,-N,sb4,spb1,Ames 27086,CML218,No Nitrogen,1,2,
2451,JY,2019,Havelock,282+N-N,yes,45,No,,B1,-N,sb4,spb1,PI 595561,CML52,No Nitrogen,1,2,20.4
2453,JY,2019,Havelock,282+N-N,yes,45,No,,B1,-N,sb4,spb1,PI 595542,CML254,No Nitrogen,1,2,16.9
2455,JY,2019,Havelock,282+N-N,yes,45,No,,B1,-N,sb4,spb1,Ames 26604,38-11,No Nitrogen,1,2,23.46
2457,JY,2019,Havelock,282+N-N,yes,45,No,,B1,-N,sb4,spb2,Ames 27134,M162W,No Nitrogen,1,2,24.5
2459,JY,2019,Havelock,282+N-N,yes,45,No,,B1,-N,sb4,spb2,Ames 10248,GA209,No Nitrogen,1,2,
2461,JY,2019,Havelock,282+N-N,yes,45,No,,B1,-N,sb4,spb2,Ames 27155,NC318,No Nitrogen,1,2,17.5
2463,JY,2019,Havelock,282+N-N,yes,45,No,,B1,-N,sb4,spb2,Ames 28184,CML69,No Nitrogen,1,2,25.36666667
2465,JY,2019,Havelock,282+N-N,yes,45,No,,B1,-N,sb4,spb2,PI 587144,Mo24W,No Nitrogen,1,2,
2467,JY,2019,Havelock,282+N-N,yes,45,No,,B1,-N,sb4,spb2,Check,Check,No Nitrogen,1,2,20.1
2469,JY,2019,Havelock,282+N-N,yes,45,No,,B1,-N,sb4,spb2,Ames 27121,K64,No Nitrogen,1,2,23.63333333
2471,JY,2019,Havelock,282+N-N,yes,45,No,,B1,-N,sb4,spb3,PI 550522,T232,No Nitrogen,1,2,
2473,JY,2019,Havelock,282+N-N,yes,45,No,,B1,-N,sb4,spb3,Ames 27189,SC55,No Nitrogen,1,2,
2475,JY,2019,Havelock,282+N-N,yes,45,No,,B1,-N,sb4,spb3,Ames 22763,Tx601,No Nitrogen,1,2,27.83333333
2477,JY,2019,Havelock,282+N-N,yes,45,No,,B1,-N,sb4,spb3,PI 257506,F2,No Nitrogen,1,2,23
2479,JY,2019,Havelock,282+N-N,yes,45,No,,B1,-N,sb4,spb3,PI 606330,DE2,No Nitrogen,1,2,25.43333333
2481,JY,2019,Havelock,282+N-N,yes,45,No,,B1,-N,sb4,spb3,Ames 26808,Ill.Hy,No Nitrogen,1,2,25.93333333
2483,JY,2019,Havelock,282+N-N,yes,45,No,,B1,-N,sb4,spb3,Check,Check,No Nitrogen,1,2,
2501,JY,2019,Havelock,282+N-N,yes,45,No,,B1,-N,sb3,spb1,Ames 19314,CI64,No Nitrogen,1,2,25.98333333
2503,JY,2019,Havelock,282+N-N,yes,45,No,,B1,-N,sb3,spb1,Ames 27065,B73Htrhm,No Nitrogen,1,2,28.65
2505,JY,2019,Havelock,282+N-N,yes,45,No,,B1,-N,sb3,spb1,PI 608767,B84,No Nitrogen,1,2,22.96
2507,JY,2019,Havelock,282+N-N,yes,45,No,,B1,-N,sb3,spb1,PI 564682,B97,No Nitrogen,1,2,21.03333333
2509,JY,2019,Havelock,282+N-N,yes,45,No,,B1,-N,sb3,spb1,PI 597927,B109,No Nitrogen,1,2,23.9
2511,JY,2019,Havelock,282+N-N,yes,45,No,,B1,-N,sb3,spb1,Ames 23503,A680,No Nitrogen,1,2,23.9
2513,JY,2019,Havelock,282+N-N,yes,45,No,,B1,-N,sb3,spb1,PI 587142,A679,No Nitrogen,1,2,22.96666667
2515,JY,2019,Havelock,282+N-N,yes,45,No,,B1,-N,sb3,spb2,PI 558532,Mo17,No Nitrogen,1,2,18
2517,JY,2019,Havelock,282+N-N,yes,45,No,,B1,-N,sb3,spb2,Ames 27149,NC306,No Nitrogen,1,2,
2519,JY,2019,Havelock,282+N-N,yes,45,No,,B1,-N,sb3,spb2,Ames 27180,NC368,No Nitrogen,1,2,23.7
2521,JY,2019,Havelock,282+N-N,yes,45,No,,B1,-N,sb3,spb2,Check,Check,No Nitrogen,1,2,19.53333333
2523,JY,2019,Havelock,282+N-N,yes,45,No,,B1,-N,sb3,spb2,Ames 27167,NC342,No Nitrogen,1,2,21.32
2525,JY,2019,Havelock,282+N-N,yes,45,No,,B1,-N,sb3,spb2,PI 583350,Mo45,No Nitrogen,1,2,
2527,JY,2019,Havelock,282+N-N,yes,45,No,,B1,-N,sb3,spb2,Ames 27177,NC362,No Nitrogen,1,2,
2529,JY,2019,Havelock,282+N-N,yes,45,No,,B1,-N,sb3,spb3,Ames 31534,CI90CGoodman-Buckler,No Nitrogen,1,2,19.06666667
2531,JY,2019,Havelock,282+N-N,yes,45,No,,B1,-N,sb3,spb3,Check,Check,No Nitrogen,1,2,
2533,JY,2019,Havelock,282+N-N,yes,45,No,,B1,-N,sb3,spb3,PI 592734,R229,No Nitrogen,1,2,23.5
2535,JY,2019,Havelock,282+N-N,yes,45,No,,B1,-N,sb3,spb3,PI 587132,Sg1533,No Nitrogen,1,2,
2537,JY,2019,Havelock,282+N-N,yes,45,No,,B1,-N,sb3,spb3,Check,Check,No Nitrogen,1,2,
2539,JY,2019,Havelock,282+N-N,yes,45,No,,B1,-N,sb3,spb3,PI 587125,CO109,No Nitrogen,1,2,18.63333333
2541,JY,2019,Havelock,282+N-N,yes,45,No,,B1,-N,sb3,spb3,Ames 27187,R4,No Nitrogen,1,2,
2543,JY,2019,Havelock,282+N-N,yes,45,No,,B1,-N,sb4,spb1,Check,Check,No Nitrogen,1,2,
2545,JY,2019,Havelock,282+N-N,yes,45,No,,B1,-N,sb4,spb1,Ames 27096,CML322,No Nitrogen,1,2,23.93333333
2547,JY,2019,Havelock,282+N-N,yes,45,No,,B1,-N,sb4,spb1,PI 550465,B68,No Nitrogen,1,2,22.08333333
2549,JY,2019,Havelock,282+N-N,yes,45,No,,B1,-N,sb4,spb1,PI 406112,A214N,No Nitrogen,1,2,19.25
2551,JY,2019,Havelock,282+N-N,yes,45,No,,B1,-N,sb4,spb1,PI 587130,4722,No Nitrogen,1,2,
2553,JY,2019,Havelock,282+N-N,yes,45,No,,B1,-N,sb4,spb1,Ames 27095,CML321,No Nitrogen,1,2,25.7
2555,JY,2019,Havelock,282+N-N,yes,45,No,,B1,-N,sb4,spb1,Check,Check,No Nitrogen,1,2,20.66666667
2557,JY,2019,Havelock,282+N-N,yes,45,No,,B1,-N,sb4,spb2,PI 531084,NC258,No Nitrogen,1,2,21.73333333
2559,JY,2019,Havelock,282+N-N,yes,45,No,,B1,-N,sb4,spb2,NSL 22893,F44,No Nitrogen,1,2,18.44
2561,JY,2019,Havelock,282+N-N,yes,45,No,,B1,-N,sb4,spb2,Ames 12729,NC222,No Nitrogen,1,2,
2563,JY,2019,Havelock,282+N-N,yes,45,No,,B1,-N,sb4,spb2,Ames 27133,M37W,No Nitrogen,1,2,24.56666667
2565,JY,2019,Havelock,282+N-N,yes,45,No,,B1,-N,sb4,spb2,Check,Check,No Nitrogen,1,2,
2567,JY,2019,Havelock,282+N-N,yes,45,No,,B1,-N,sb4,spb2,Ames 27170,NC348,No Nitrogen,1,2,
2569,JY,2019,Havelock,282+N-N,yes,45,No,,B1,-N,sb4,spb2,Ames 27169,NC346,No Nitrogen,1,2,
2571,JY,2019,Havelock,282+N-N,yes,45,No,,B1,-N,sb4,spb3,Check,Check,No Nitrogen,1,2,
2573,JY,2019,Havelock,282+N-N,yes,45,No,,B1,-N,sb4,spb3,Check,Check,No Nitrogen,1,2,
2575,JY,2019,Havelock,282+N-N,yes,45,No,,B1,-N,sb4,spb3,PI 558520,Mo1W,No Nitrogen,1,2,22.05
2577,JY,2019,Havelock,282+N-N,yes,45,No,,B1,-N,sb4,spb3,Check,Check,No Nitrogen,1,2,
2579,JY,2019,Havelock,282+N-N,yes,45,No,,B1,-N,sb4,spb3,Ames 27129,KUI2021,No Nitrogen,1,2,25.63333333
2581,JY,2019,Havelock,282+N-N,yes,45,No,,B1,-N,sb4,spb3,Ames 27119,Il101T,No Nitrogen,1,2,18.53333333
2583,JY,2019,Havelock,282+N-N,yes,45,No,,B1,-N,sb4,spb3,PI 587147,Pa91,No Nitrogen,1,2,20.56
3001,JY,2019,Havelock,282+N-N,yes,45,No,,B2,-N,sb1,spb1,PI 406112,A214N,No Nitrogen,2,3,18.92
3003,JY,2019,Havelock,282+N-N,yes,45,No,,B2,-N,sb1,spb1,NSL 65865,B10,No Nitrogen,2,3,20.6
3005,JY,2019,Havelock,282+N-N,yes,45,No,,B2,-N,sb1,spb1,Ames 27081,CML103,No Nitrogen,2,3,23.63333333
3007,JY,2019,Havelock,282+N-N,yes,45,No,,B2,-N,sb1,spb1,PI 595550,CML277,No Nitrogen,2,3,
3009,JY,2019,Havelock,282+N-N,yes,45,No,,B2,-N,sb1,spb1,Check,Check,No Nitrogen,2,3,19.2
3011,JY,2019,Havelock,282+N-N,yes,45,No,,B2,-N,sb1,spb1,Ames 26604,38-11,No Nitrogen,2,3,21
3013,JY,2019,Havelock,282+N-N,yes,45,No,,B2,-N,sb1,spb1,Check,Check,No Nitrogen,2,3,18.96666667
3015,JY,2019,Havelock,282+N-N,yes,45,No,,B2,-N,sb1,spb2,Check,Check,No Nitrogen,2,3,22.11666667
3017,JY,2019,Havelock,282+N-N,yes,45,No,,B2,-N,sb1,spb2,Ames 27156,NC320,No Nitrogen,2,3,19.86666667
3019,JY,2019,Havelock,282+N-N,yes,45,No,,B2,-N,sb1,spb2,Check,Check,No Nitrogen,2,3,20.03333333
3021,JY,2019,Havelock,282+N-N,yes,45,No,,B2,-N,sb1,spb2,NSL 22893,F44,No Nitrogen,2,3,17.24
3023,JY,2019,Havelock,282+N-N,yes,45,No,,B2,-N,sb1,spb2,Ames 27134,M162W,No Nitrogen,2,3,23.91666667
3025,JY,2019,Havelock,282+N-N,yes,45,No,,B2,-N,sb1,spb2,Ames 28184,CML69,No Nitrogen,2,3,
3027,JY,2019,Havelock,282+N-N,yes,45,No,,B2,-N,sb1,spb2,PI 550558,DE811,No Nitrogen,2,3,23.33333333
3029,JY,2019,Havelock,282+N-N,yes,45,No,,B2,-N,sb1,spb3,Ames 22748,H100,No Nitrogen,2,3,24.93333333
3031,JY,2019,Havelock,282+N-N,yes,45,No,,B2,-N,sb1,spb3,PI 558520,Mo1W,No Nitrogen,2,3,26.13333333
3033,JY,2019,Havelock,282+N-N,yes,45,No,,B2,-N,sb1,spb3,PI 506253,Tzi18,No Nitrogen,2,3,25.16666667
3035,JY,2019,Havelock,282+N-N,yes,45,No,,B2,-N,sb1,spb3,PI 506246,Tzi8,No Nitrogen,2,3,25.1
3037,JY,2019,Havelock,282+N-N,yes,45,No,,B2,-N,sb1,spb3,Check,Check,No Nitrogen,2,3,19.43333333
3039,JY,2019,Havelock,282+N-N,yes,45,No,,B2,-N,sb1,spb3,Ames 26808,Ill.Hy,No Nitrogen,2,3,27.675
3041,JY,2019,Havelock,282+N-N,yes,45,No,,B2,-N,sb1,spb3,PI 257506,F2,No Nitrogen,2,3,24.53333333
3043,JY,2019,Havelock,282+N-N,yes,45,No,,B2,-N,sb2,spb1,Ames 22443,A188,No Nitrogen,2,3,20.11666667
3045,JY,2019,Havelock,282+N-N,yes,45,No,,B2,-N,sb2,spb1,Ames 27068,CH9,No Nitrogen,2,3,25.36666667
3047,JY,2019,Havelock,282+N-N,yes,45,No,,B2,-N,sb2,spb1,PI 587143,A682,No Nitrogen,2,3,18.86666667
3049,JY,2019,Havelock,282+N-N,yes,45,No,,B2,-N,sb2,spb1,Check,Check,No Nitrogen,2,3,22.5
3051,JY,2019,Havelock,282+N-N,yes,45,No,,B2,-N,sb2,spb1,Ames 19311,A641,No Nitrogen,2,3,22.54
3053,JY,2019,Havelock,282+N-N,yes,45,No,,B2,-N,sb2,spb1,Ames 23450,A556,No Nitrogen,2,3,23.41666667
3055,JY,2019,Havelock,282+N-N,yes,45,No,,B2,-N,sb2,spb1,PI 587124,CM105,No Nitrogen,2,3,25.4
3057,JY,2019,Havelock,282+N-N,yes,45,No,,B2,-N,sb2,spb2,Ames 27135,MEF156-55-2,No Nitrogen,2,3,
3059,JY,2019,Havelock,282+N-N,yes,45,No,,B2,-N,sb2,spb2,Ames 20140,Mt42,No Nitrogen,2,3,20.23333333
3061,JY,2019,Havelock,282+N-N,yes,45,No,,B2,-N,sb2,spb2,PI 583352,Mo47,No Nitrogen,2,3,20.6
3063,JY,2019,Havelock,282+N-N,yes,45,No,,B2,-N,sb2,spb2,Check,Check,No Nitrogen,2,3,21.68333333
3065,JY,2019,Havelock,282+N-N,yes,45,No,,B2,-N,sb2,spb2,PI 587129,H99,No Nitrogen,2,3,19.18333333
3067,JY,2019,Havelock,282+N-N,yes,45,No,,B2,-N,sb2,spb2,PI 587127,H105W,No Nitrogen,2,3,25.06666667
3069,JY,2019,Havelock,282+N-N,yes,45,No,,B2,-N,sb2,spb2,Check,Check,No Nitrogen,2,3,20.1
3071,JY,2019,Havelock,282+N-N,yes,45,No,,B2,-N,sb2,spb3,PI 587145,NC268,No Nitrogen,2,3,17.6
3073,JY,2019,Havelock,282+N-N,yes,45,No,,B2,-N,sb2,spb3,Ames 27162,NC332,No Nitrogen,2,3,27.93333333
3075,JY,2019,Havelock,282+N-N,yes,45,No,,B2,-N,sb2,spb3,PI 587154,W153R,No Nitrogen,2,3,19.6
3077,JY,2019,Havelock,282+N-N,yes,45,No,,B2,-N,sb2,spb3,PI 550490,ND246,No Nitrogen,2,3,18
3079,JY,2019,Havelock,282+N-N,yes,45,No,,B2,-N,sb2,spb3,Ames 28186,P39,No Nitrogen,2,3,18.775
3081,JY,2019,Havelock,282+N-N,yes,45,No,,B2,-N,sb2,spb3,Ames 19016,Va59,No Nitrogen,2,3,22.63333333
3083,JY,2019,Havelock,282+N-N,yes,45,No,,B2,-N,sb2,spb3,PI 524969,SD44,No Nitrogen,2,3,23.56666667
3101,JY,2019,Havelock,282+N-N,yes,45,No,,B2,-N,sb1,spb1,Ames 27082,CML108,No Nitrogen,2,3,23.46666667
3103,JY,2019,Havelock,282+N-N,yes,45,No,,B2,-N,sb1,spb1,Check,Check,No Nitrogen,2,3,22.95
3105,JY,2019,Havelock,282+N-N,yes,45,No,,B2,-N,sb1,spb1,Check,Check,No Nitrogen,2,3,19.96666667
3107,JY,2019,Havelock,282+N-N,yes,45,No,,B2,-N,sb1,spb1,Check,Check,No Nitrogen,2,3,
3109,JY,2019,Havelock,282+N-N,yes,45,No,,B2,-N,sb1,spb1,Check,Check,No Nitrogen,2,3,22.46666667
3111,JY,2019,Havelock,282+N-N,yes,45,No,,B2,-N,sb1,spb1,PI 550465,B68,No Nitrogen,2,3,
3113,JY,2019,Havelock,282+N-N,yes,45,No,,B2,-N,sb1,spb1,Check,Check,No Nitrogen,2,3,21.93333333
3115,JY,2019,Havelock,282+N-N,yes,45,No,,B2,-N,sb1,spb2,Ames 27166,NC340,No Nitrogen,2,3,26.76666667
3117,JY,2019,Havelock,282+N-N,yes,45,No,,B2,-N,sb1,spb2,Ames 27169,NC346,No Nitrogen,2,3,19.76666667
3119,JY,2019,Havelock,282+N-N,yes,45,No,,B2,-N,sb1,spb2,Ames 27155,NC318,No Nitrogen,2,3,16.53333333
3121,JY,2019,Havelock,282+N-N,yes,45,No,,B2,-N,sb1,spb2,Ames 10248,GA209,No Nitrogen,2,3,
3123,JY,2019,Havelock,282+N-N,yes,45,No,,B2,-N,sb1,spb2,Ames 27133,M37W,No Nitrogen,2,3,24.03333333
3125,JY,2019,Havelock,282+N-N,yes,45,No,,B2,-N,sb1,spb2,Ames 27165,NC338,No Nitrogen,2,3,
3127,JY,2019,Havelock,282+N-N,yes,45,No,,B2,-N,sb1,spb2,Ames 27121,K64,No Nitrogen,2,3,
3129,JY,2019,Havelock,282+N-N,yes,45,No,,B2,-N,sb1,spb3,PI 587147,Pa91,No Nitrogen,2,3,21.93333333
3131,JY,2019,Havelock,282+N-N,yes,45,No,,B2,-N,sb1,spb3,PI 550522,T232,No Nitrogen,2,3,20.96666667
3133,JY,2019,Havelock,282+N-N,yes,45,No,,B2,-N,sb1,spb3,Check,Check,No Nitrogen,2,3,20.49
3135,JY,2019,Havelock,282+N-N,yes,45,No,,B2,-N,sb1,spb3,PI 506255,Tzi25,No Nitrogen,2,3,21.93333333
3137,JY,2019,Havelock,282+N-N,yes,45,No,,B2,-N,sb1,spb3,PI 606330,DE2,No Nitrogen,2,3,24
3139,JY,2019,Havelock,282+N-N,yes,45,No,,B2,-N,sb1,spb3,Ames 27119,Il101T,No Nitrogen,2,3,
3141,JY,2019,Havelock,282+N-N,yes,45,No,,B2,-N,sb1,spb3,Ames 27129,KUI2021,No Nitrogen,2,3,
3143,JY,2019,Havelock,282+N-N,yes,45,No,,B2,-N,sb2,spb1,Ames 27067,C49A,No Nitrogen,2,3,
3145,JY,2019,Havelock,282+N-N,yes,45,No,,B2,-N,sb2,spb1,PI 607521,A661,No Nitrogen,2,3,
3147,JY,2019,Havelock,282+N-N,yes,45,No,,B2,-N,sb2,spb1,PI 608774,B75,No Nitrogen,2,3,
3149,JY,2019,Havelock,282+N-N,yes,45,No,,B2,-N,sb2,spb1,PI 587139,A619,No Nitrogen,2,3,
3151,JY,2019,Havelock,282+N-N,yes,45,No,,B2,-N,sb2,spb1,PI 594046,B103,No Nitrogen,2,3,
3153,JY,2019,Havelock,282+N-N,yes,45,No,,B2,-N,sb2,spb1,NSL 81599,A659,No Nitrogen,2,3,27.23333333
3155,JY,2019,Havelock,282+N-N,yes,45,No,,B2,-N,sb2,spb1,PI 587138,A554,No Nitrogen,2,3,20.93333333
3157,JY,2019,Havelock,282+N-N,yes,45,No,,B2,-N,sb2,spb2,Ames 27106,CO125,No Nitrogen,2,3,21.75
3159,JY,2019,Havelock,282+N-N,yes,45,No,,B2,-N,sb2,spb2,PI 686057,I29,No Nitrogen,2,3,
3161,JY,2019,Havelock,282+N-N,yes,45,No,,B2,-N,sb2,spb2,Ames 20190,CM37,No Nitrogen,2,3,22.48333333
3163,JY,2019,Havelock,282+N-N,yes,45,No,,B2,-N,sb2,spb2,Ames 24752,MS1334,No Nitrogen,2,3,20.96666667
3165,JY,2019,Havelock,282+N-N,yes,45,No,,B2,-N,sb2,spb2,Ames 27111,EP1,No Nitrogen,2,3,20.88333333
3167,JY,2019,Havelock,282+N-N,yes,45,No,,B2,-N,sb2,spb2,Ames 27107,CO255,No Nitrogen,2,3,22.76666667
3169,JY,2019,Havelock,282+N-N,yes,45,No,,B2,-N,sb2,spb2,PI 686063,IDS91,No Nitrogen,2,3,18.36666667
3171,JY,2019,Havelock,282+N-N,yes,45,No,,B2,-N,sb2,spb3,Ames 27152,NC312,No Nitrogen,2,3,19.43333333
3173,JY,2019,Havelock,282+N-N,yes,45,No,,B2,-N,sb2,spb3,Check,Check,No Nitrogen,2,3,21.2
3175,JY,2019,Havelock,282+N-N,yes,45,No,,B2,-N,sb2,spb3,Ames 19330,W182B,No Nitrogen,2,3,
3177,JY,2019,Havelock,282+N-N,yes,45,No,,B2,-N,sb2,spb3,Ames 19288,Oh43,No Nitrogen,2,3,23.3
3179,JY,2019,Havelock,282+N-N,yes,45,No,,B2,-N,sb2,spb3,Ames 27154,NC316,No Nitrogen,2,3,
3181,JY,2019,Havelock,282+N-N,yes,45,No,,B2,-N,sb2,spb3,Ames 27142,NC292,No Nitrogen,2,3,29.51666667
3183,JY,2019,Havelock,282+N-N,yes,45,No,,B2,-N,sb2,spb3,Ames 27163,NC334,No Nitrogen,2,3,17.33333333
3201,JY,2019,Havelock,282+N-N,yes,45,No,,B2,-N,sb1,spb1,PI 587130,4722,No Nitrogen,2,3,18.95
3203,JY,2019,Havelock,282+N-N,yes,45,No,,B2,-N,sb1,spb1,Check,Check,No Nitrogen,2,3,21.3
3205,JY,2019,Havelock,282+N-N,yes,45,No,,B2,-N,sb1,spb1,Ames 27096,CML322,No Nitrogen,2,3,24.95
3207,JY,2019,Havelock,282+N-N,yes,45,No,,B2,-N,sb1,spb1,Ames 27101,CML333,No Nitrogen,2,3,
3209,JY,2019,Havelock,282+N-N,yes,45,No,,B2,-N,sb1,spb1,Ames 27085,CML158Q,No Nitrogen,2,3,25.2
3211,JY,2019,Havelock,282+N-N,yes,45,No,,B2,-N,sb1,spb1,Check,Check,No Nitrogen,2,3,19.23333333
3213,JY,2019,Havelock,282+N-N,yes,45,No,,B2,-N,sb1,spb1,Ames 27086,CML218,No Nitrogen,2,3,20.66666667
3215,JY,2019,Havelock,282+N-N,yes,45,No,,B2,-N,sb1,spb2,Ames 27170,NC348,No Nitrogen,2,3,17.26666667
3217,JY,2019,Havelock,282+N-N,yes,45,No,,B2,-N,sb1,spb2,PI 531084,NC258,No Nitrogen,2,3,23.3
3219,JY,2019,Havelock,282+N-N,yes,45,No,,B2,-N,sb1,spb2,Ames 27144,NC296,No Nitrogen,2,3,21.6
3221,JY,2019,Havelock,282+N-N,yes,45,No,,B2,-N,sb1,spb2,NSL 30038,K4,No Nitrogen,2,3,18.9
3223,JY,2019,Havelock,282+N-N,yes,45,No,,B2,-N,sb1,spb2,PI 587144,Mo24W,No Nitrogen,2,3,28.1
3225,JY,2019,Havelock,282+N-N,yes,45,No,,B2,-N,sb1,spb2,Ames 27110,E2558W,No Nitrogen,2,3,21.475
3227,JY,2019,Havelock,282+N-N,yes,45,No,,B2,-N,sb1,spb2,Ames 12729,NC222,No Nitrogen,2,3,23.01666667
3229,JY,2019,Havelock,282+N-N,yes,45,No,,B2,-N,sb1,spb3,Ames 27131,Ky226,No Nitrogen,2,3,23.03333333
3231,JY,2019,Havelock,282+N-N,yes,45,No,,B2,-N,sb1,spb3,Check,Check,No Nitrogen,2,3,19.86666667
3233,JY,2019,Havelock,282+N-N,yes,45,No,,B2,-N,sb1,spb3,PI 506247,Tzi9,No Nitrogen,2,3,23.86666667
3235,JY,2019,Havelock,282+N-N,yes,45,No,,B2,-N,sb1,spb3,Ames 27189,SC55,No Nitrogen,2,3,24.13333333
3237,JY,2019,Havelock,282+N-N,yes,45,No,,B2,-N,sb1,spb3,PI 540745,Tzi11,No Nitrogen,2,3,18.83333333
3239,JY,2019,Havelock,282+N-N,yes,45,No,,B2,-N,sb1,spb3,Ames 27179,NC366,No Nitrogen,2,3,
3241,JY,2019,Havelock,282+N-N,yes,45,No,,B2,-N,sb1,spb3,Check,Check,No Nitrogen,2,3,
3243,JY,2019,Havelock,282+N-N,yes,45,No,,B2,-N,sb2,spb1,Ames 23405,A239,No Nitrogen,2,3,
3245,JY,2019,Havelock,282+N-N,yes,45,No,,B2,-N,sb2,spb1,Ames 19313,C123,No Nitrogen,2,3,
3247,JY,2019,Havelock,282+N-N,yes,45,No,,B2,-N,sb2,spb1,Ames 19316,CM174,No Nitrogen,2,3,24.46666667
3249,JY,2019,Havelock,282+N-N,yes,45,No,,B2,-N,sb2,spb1,PI 550483,B76,No Nitrogen,2,3,23.575
3251,JY,2019,Havelock,282+N-N,yes,45,No,,B2,-N,sb2,spb1,PI 587141,A654,No Nitrogen,2,3,22.775
3253,JY,2019,Havelock,282+N-N,yes,45,No,,B2,-N,sb2,spb1,PI 550440,B64,No Nitrogen,2,3,21.65
3255,JY,2019,Havelock,282+N-N,yes,45,No,,B2,-N,sb2,spb1,Ames 19308,A634,No Nitrogen,2,3,24.4
3257,JY,2019,Havelock,282+N-N,yes,45,No,,B2,-N,sb2,spb2,Ames 24734,MS153,No Nitrogen,2,3,25.26666667
3259,JY,2019,Havelock,282+N-N,yes,45,No,,B2,-N,sb2,spb2,PI 257507,F7,No Nitrogen,2,3,20.81666667
3261,JY,2019,Havelock,282+N-N,yes,45,No,,B2,-N,sb2,spb2,Ames 27105,CO106,No Nitrogen,2,3,21.2
3263,JY,2019,Havelock,282+N-N,yes,45,No,,B2,-N,sb2,spb2,Ames 27104,CMV3,No Nitrogen,2,3,
3265,JY,2019,Havelock,282+N-N,yes,45,No,,B2,-N,sb2,spb2,NSL 30867,M14,No Nitrogen,2,3,
3267,JY,2019,Havelock,282+N-N,yes,45,No,,B2,-N,sb2,spb2,Ames 28364,IA2132,No Nitrogen,2,3,24.56666667
3269,JY,2019,Havelock,282+N-N,yes,45,No,,B2,-N,sb2,spb2,Ames 27070,CM7,No Nitrogen,2,3,
3271,JY,2019,Havelock,282+N-N,yes,45,No,,B2,-N,sb2,spb3,PI 531085,NC262,No Nitrogen,2,3,26.03333333
3273,JY,2019,Havelock,282+N-N,yes,45,No,,B2,-N,sb2,spb3,Check,Check,No Nitrogen,2,3,18.76666667
3275,JY,2019,Havelock,282+N-N,yes,45,No,,B2,-N,sb2,spb3,Ames 19326,R168,No Nitrogen,2,3,
3277,JY,2019,Havelock,282+N-N,yes,45,No,,B2,-N,sb2,spb3,Ames 27150,NC308,No Nitrogen,2,3,22.03333333
3279,JY,2019,Havelock,282+N-N,yes,45,No,,B2,-N,sb2,spb3,PI 550566,N192,No Nitrogen,2,3,24.33333333
3281,JY,2019,Havelock,282+N-N,yes,45,No,,B2,-N,sb2,spb3,Ames 27161,NC330,No Nitrogen,2,3,
3283,JY,2019,Havelock,282+N-N,yes,45,No,,B2,-N,sb2,spb3,Check,Check,No Nitrogen,2,3,21.23333333
3301,JY,2019,Havelock,282+N-N,yes,45,No,,B2,-N,sb3,spb1,Ames 19309,A635,No Nitrogen,2,3,18.81666667
3303,JY,2019,Havelock,282+N-N,yes,45,No,,B2,-N,sb3,spb1,Check,Check,No Nitrogen,2,3,
3305,JY,2019,Havelock,282+N-N,yes,45,No,,B2,-N,sb3,spb1,Ames 26138,CI187-2,No Nitrogen,2,3,21.4
3307,JY,2019,Havelock,282+N-N,yes,45,No,,B2,-N,sb3,spb1,Ames 27087,CML220,No Nitrogen,2,3,24.96666667
3309,JY,2019,Havelock,282+N-N,yes,45,No,,B2,-N,sb3,spb1,PI 608766,B79,No Nitrogen,2,3,25.25
3311,JY,2019,Havelock,282+N-N,yes,45,No,,B2,-N,sb3,spb1,Ames 27083,CML154Q,No Nitrogen,2,3,31.5
3313,JY,2019,Havelock,282+N-N,yes,45,No,,B2,-N,sb3,spb1,Ames 27112,F2834T,No Nitrogen,2,3,16.33333333
3315,JY,2019,Havelock,282+N-N,yes,45,No,,B2,-N,sb3,spb2,Check,Check,No Nitrogen,2,3,20.9
3317,JY,2019,Havelock,282+N-N,yes,45,No,,B2,-N,sb3,spb2,Ames 27164,NC336,No Nitrogen,2,3,21.13333333
3319,JY,2019,Havelock,282+N-N,yes,45,No,,B2,-N,sb3,spb2,Ames 12732,NC232,No Nitrogen,2,3,29.73333333
3321,JY,2019,Havelock,282+N-N,yes,45,No,,B2,-N,sb3,spb2,Ames 27137,N6,No Nitrogen,2,3,24.93333333
3323,JY,2019,Havelock,282+N-N,yes,45,No,,B2,-N,sb3,spb2,PI 583351,Mo46,No Nitrogen,2,3,26.1
3325,JY,2019,Havelock,282+N-N,yes,45,No,,B2,-N,sb3,spb2,Ames 27147,NC302,No Nitrogen,2,3,20.4
3327,JY,2019,Havelock,282+N-N,yes,45,No,,B2,-N,sb3,spb2,Ames 28366,N7A,No Nitrogen,2,3,21.23333333
3329,JY,2019,Havelock,282+N-N,yes,45,No,,B2,-N,sb3,spb3,Ames 27183,Oh43E,No Nitrogen,2,3,22.23333333
3331,JY,2019,Havelock,282+N-N,yes,45,No,,B2,-N,sb3,spb3,Ames 19323,Oh7B,No Nitrogen,2,3,21.66666667
3333,JY,2019,Havelock,282+N-N,yes,45,No,,B2,-N,sb3,spb3,Ames 27184,Pa762,No Nitrogen,2,3,23.1
3335,JY,2019,Havelock,282+N-N,yes,45,No,,B2,-N,sb3,spb3,PI 587150,Va35,No Nitrogen,2,3,22.05
3337,JY,2019,Havelock,282+N-N,yes,45,No,,B2,-N,sb3,spb3,PI 587152,W64A,No Nitrogen,2,3,24.26666667
3339,JY,2019,Havelock,282+N-N,yes,45,No,,B2,-N,sb3,spb3,PI 686065,SA24,No Nitrogen,2,3,17.48333333
3341,JY,2019,Havelock,282+N-N,yes,45,No,,B2,-N,sb3,spb3,Check,Check,No Nitrogen,2,3,19.4
3343,JY,2019,Havelock,282+N-N,yes,45,No,,B2,-N,sb4,spb1,PI 564682,B97,No Nitrogen,2,3,22.63333333
3345,JY,2019,Havelock,282+N-N,yes,45,No,,B2,-N,sb4,spb1,NSL 30904,4226,No Nitrogen,2,3,22.03333333
3347,JY,2019,Havelock,282+N-N,yes,45,No,,B2,-N,sb4,spb1,PI 550467,B37,No Nitrogen,2,3,26.16666667
3349,JY,2019,Havelock,282+N-N,yes,45,No,,B2,-N,sb4,spb1,PI 550469,B46,No Nitrogen,2,3,24.76666667
3351,JY,2019,Havelock,282+N-N,yes,45,No,,B2,-N,sb4,spb1,PI 608767,B84,No Nitrogen,2,3,24.95
3353,JY,2019,Havelock,282+N-N,yes,45,No,,B2,-N,sb4,spb1,PI 597927,B109,No Nitrogen,2,3,
3355,JY,2019,Havelock,282+N-N,yes,45,No,,B2,-N,sb4,spb1,Ames 27065,B73Htrhm,No Nitrogen,2,3,26.46
3357,JY,2019,Havelock,282+N-N,yes,45,No,,B2,-N,sb4,spb2,NSL 30894,R177,No Nitrogen,2,3,22.3
3359,JY,2019,Havelock,282+N-N,yes,45,No,,B2,-N,sb4,spb2,NSL 65874,Os420,No Nitrogen,2,3,27.1
3361,JY,2019,Havelock,282+N-N,yes,45,No,,B2,-N,sb4,spb2,Ames 27159,NC326,No Nitrogen,2,3,26.6
3363,JY,2019,Havelock,282+N-N,yes,45,No,,B2,-N,sb4,spb2,Ames 27143,NC294,No Nitrogen,2,3,22.5
3365,JY,2019,Havelock,282+N-N,yes,45,No,,B2,-N,sb4,spb2,Ames 27180,NC368,No Nitrogen,2,3,25.23333333
3367,JY,2019,Havelock,282+N-N,yes,45,No,,B2,-N,sb4,spb2,Ames 27118,Il14H,No Nitrogen,2,3,20.775
3369,JY,2019,Havelock,282+N-N,yes,45,No,,B2,-N,sb4,spb2,NSL 28966,Oh40B,No Nitrogen,2,3,23.425
3371,JY,2019,Havelock,282+N-N,yes,45,No,,B2,-N,sb4,spb3,PI 587132,Sg1533,No Nitrogen,2,3,20.21666667
3373,JY,2019,Havelock,282+N-N,yes,45,No,,B2,-N,sb4,spb3,Ames 28290,C49,No Nitrogen,2,3,21.1
3375,JY,2019,Havelock,282+N-N,yes,45,No,,B2,-N,sb4,spb3,PI 587149,Va26,No Nitrogen,2,3,25.63333333
3377,JY,2019,Havelock,282+N-N,yes,45,No,,B2,-N,sb4,spb3,Check,Check,No Nitrogen,2,3,19.9
3379,JY,2019,Havelock,282+N-N,yes,45,No,,B2,-N,sb4,spb3,Ames 24989,Va99,No Nitrogen,2,3,22.03333333
3381,JY,2019,Havelock,282+N-N,yes,45,No,,B2,-N,sb4,spb3,Ames 27196,Yu796_NS,No Nitrogen,2,3,17.53333333
3383,JY,2019,Havelock,282+N-N,yes,45,No,,B2,-N,sb4,spb3,PI 550518,T8,No Nitrogen,2,3,17.1
3401,JY,2019,Havelock,282+N-N,yes,45,No,,B2,-N,sb3,spb1,PI 587131,HP301,No Nitrogen,2,3,18
3403,JY,2019,Havelock,282+N-N,yes,45,No,,B2,-N,sb3,spb1,PI 550472,B57,No Nitrogen,2,3,23.63333333
3405,JY,2019,Havelock,282+N-N,yes,45,No,,B2,-N,sb3,spb1,PI 594047,B104,No Nitrogen,2,3,24.83333333
3407,JY,2019,Havelock,282+N-N,yes,45,No,,B2,-N,sb3,spb1,Ames 22754,K55,No Nitrogen,2,3,28.16666667
3409,JY,2019,Havelock,282+N-N,yes,45,No,,B2,-N,sb3,spb1,Check,Check,No Nitrogen,2,3,
3411,JY,2019,Havelock,282+N-N,yes,45,No,,B2,-N,sb3,spb1,Check,Check,No Nitrogen,2,3,
3413,JY,2019,Havelock,282+N-N,yes,45,No,,B2,-N,sb3,spb1,Ames 21512,CI31A,No Nitrogen,2,3,
3415,JY,2019,Havelock,282+N-N,yes,45,No,,B2,-N,sb3,spb2,Ames 27172,NC352,No Nitrogen,2,3,23.11666667
3417,JY,2019,Havelock,282+N-N,yes,45,No,,B2,-N,sb3,spb2,Check,Check,No Nitrogen,2,3,
3419,JY,2019,Havelock,282+N-N,yes,45,No,,B2,-N,sb3,spb2,PI 520774,NC264,No Nitrogen,2,3,21.43333333
3421,JY,2019,Havelock,282+N-N,yes,45,No,,B2,-N,sb3,spb2,Ames 27138,N28Ht,No Nitrogen,2,3,25.35
3423,JY,2019,Havelock,282+N-N,yes,45,No,,B2,-N,sb3,spb2,PI 543916,Mp339,No Nitrogen,2,3,
3425,JY,2019,Havelock,282+N-N,yes,45,No,,B2,-N,sb3,spb2,Ames 27141,NC290A,No Nitrogen,2,3,
3427,JY,2019,Havelock,282+N-N,yes,45,No,,B2,-N,sb3,spb2,PI 550555,NC250,No Nitrogen,2,3,22.23333333
3429,JY,2019,Havelock,282+N-N,yes,45,No,,B2,-N,sb3,spb3,Ames 19000,VaW6,No Nitrogen,2,3,22.2
3431,JY,2019,Havelock,282+N-N,yes,45,No,,B2,-N,sb3,spb3,NSL 53094,SC357,No Nitrogen,2,3,19.63333333
3433,JY,2019,Havelock,282+N-N,yes,45,No,,B2,-N,sb3,spb3,Ames 27185,Pa875,No Nitrogen,2,3,21.63333333
3435,JY,2019,Havelock,282+N-N,yes,45,No,,B2,-N,sb3,spb3,Ames 27181,NC370,No Nitrogen,2,3,
3437,JY,2019,Havelock,282+N-N,yes,45,No,,B2,-N,sb3,spb3,Check,Check,No Nitrogen,2,3,21.33333333
3439,JY,2019,Havelock,282+N-N,yes,45,No,,B2,-N,sb3,spb3,Ames 8399,W117HT,No Nitrogen,2,3,18.15
3441,JY,2019,Havelock,282+N-N,yes,45,No,,B2,-N,sb3,spb3,PI 587151,Va102,No Nitrogen,2,3,
3443,JY,2019,Havelock,282+N-N,yes,45,No,,B2,-N,sb4,spb1,PI 587140,A632,No Nitrogen,2,3,21.65
3445,JY,2019,Havelock,282+N-N,yes,45,No,,B2,-N,sb4,spb1,Check,Check,No Nitrogen,2,3,19.4
3447,JY,2019,Havelock,282+N-N,yes,45,No,,B2,-N,sb4,spb1,Ames 27069,CH701-30,No Nitrogen,2,3,
3449,JY,2019,Havelock,282+N-N,yes,45,No,,B2,-N,sb4,spb1,PI 550461,B14A,No Nitrogen,2,3,
3451,JY,2019,Havelock,282+N-N,yes,45,No,,B2,-N,sb4,spb1,PI 608765,B77,No Nitrogen,2,3,20.7
3453,JY,2019,Havelock,282+N-N,yes,45,No,,B2,-N,sb4,spb1,PI 686059,IDS28,No Nitrogen,2,3,21.2
3455,JY,2019,Havelock,282+N-N,yes,45,No,,B2,-N,sb4,spb1,Ames 23503,A680,No Nitrogen,2,3,26.06
3457,JY,2019,Havelock,282+N-N,yes,45,No,,B2,-N,sb4,spb2,Ames 28939,Mo44,No Nitrogen,2,3,
3459,JY,2019,Havelock,282+N-N,yes,45,No,,B2,-N,sb4,spb2,Ames 27149,NC306,No Nitrogen,2,3,22.2
3461,JY,2019,Havelock,282+N-N,yes,45,No,,B2,-N,sb4,spb2,Check,Check,No Nitrogen,2,3,
3463,JY,2019,Havelock,282+N-N,yes,45,No,,B2,-N,sb4,spb2,PI 517974,Pa880,No Nitrogen,2,3,
3465,JY,2019,Havelock,282+N-N,yes,45,No,,B2,-N,sb4,spb2,Ames 27178,NC364,No Nitrogen,2,3,23.86666667
3467,JY,2019,Havelock,282+N-N,yes,45,No,,B2,-N,sb4,spb2,Ames 27168,NC344,No Nitrogen,2,3,22.23333333
3469,JY,2019,Havelock,282+N-N,yes,45,No,,B2,-N,sb4,spb2,NSL 65873,L317,No Nitrogen,2,3,
3471,JY,2019,Havelock,282+N-N,yes,45,No,,B2,-N,sb4,spb3,Ames 19328,Va22,No Nitrogen,2,3,21.66666667
3473,JY,2019,Havelock,282+N-N,yes,45,No,,B2,-N,sb4,spb3,Ames 27187,R4,No Nitrogen,2,3,
3475,JY,2019,Havelock,282+N-N,yes,45,No,,B2,-N,sb4,spb3,Ames 31535,38-11Goodman-Buckler,No Nitrogen,2,3,
3477,JY,2019,Havelock,282+N-N,yes,45,No,,B2,-N,sb4,spb3,CIze 44,CI44,No Nitrogen,2,3,24.46666667
3479,JY,2019,Havelock,282+N-N,yes,45,No,,B2,-N,sb4,spb3,Ames 31534,CI90CGoodman-Buckler,No Nitrogen,2,3,21.1
3481,JY,2019,Havelock,282+N-N,yes,45,No,,B2,-N,sb4,spb3,Ames 28367,CI7Goodman-Buckler,No Nitrogen,2,3,23.66666667
3483,JY,2019,Havelock,282+N-N,yes,45,No,,B2,-N,sb4,spb3,Check,Check,No Nitrogen,2,3,20.6
3501,JY,2019,Havelock,282+N-N,yes,45,No,,B2,-N,sb3,spb1,Ames 27097,CML323,No Nitrogen,2,3,21.6
3503,JY,2019,Havelock,282+N-N,yes,45,No,,B2,-N,sb3,spb1,PI 606329,DE1,No Nitrogen,2,3,27.8
3505,JY,2019,Havelock,282+N-N,yes,45,No,,B2,-N,sb3,spb1,Ames 27120,Il677a,No Nitrogen,2,3,23.45
3507,JY,2019,Havelock,282+N-N,yes,45,No,,B2,-N,sb3,spb1,Ames 22440,CI90C,No Nitrogen,2,3,23.03333333
3509,JY,2019,Havelock,282+N-N,yes,45,No,,B2,-N,sb3,spb1,PI 587128,H84,No Nitrogen,2,3,21.73333333
3511,JY,2019,Havelock,282+N-N,yes,45,No,,B2,-N,sb3,spb1,Ames 19319,H95,No Nitrogen,2,3,20.46666667
3513,JY,2019,Havelock,282+N-N,yes,45,No,,B2,-N,sb3,spb1,PI 594048,B105,No Nitrogen,2,3,25.36666667
3515,JY,2019,Havelock,282+N-N,yes,45,No,,B2,-N,sb3,spb2,Ames 27158,NC324,No Nitrogen,2,3,21.93333333
3517,JY,2019,Havelock,282+N-N,yes,45,No,,B2,-N,sb3,spb2,Ames 27260,Ki44,No Nitrogen,2,3,14.1
3519,JY,2019,Havelock,282+N-N,yes,45,No,,B2,-N,sb3,spb2,Check,Check,No Nitrogen,2,3,18.53333333
3521,JY,2019,Havelock,282+N-N,yes,45,No,,B2,-N,sb3,spb2,Ames 27175,NC358,No Nitrogen,2,3,19.23333333
3523,JY,2019,Havelock,282+N-N,yes,45,No,,B2,-N,sb3,spb2,Ames 27174,NC356,No Nitrogen,2,3,21.15
3525,JY,2019,Havelock,282+N-N,yes,45,No,,B2,-N,sb3,spb2,Check,Check,No Nitrogen,2,3,22.46666667
3527,JY,2019,Havelock,282+N-N,yes,45,No,,B2,-N,sb3,spb2,Ames 12731,NC230,No Nitrogen,2,3,22.93333333
3529,JY,2019,Havelock,282+N-N,yes,45,No,,B2,-N,sb3,spb3,NSL 30053,W22,No Nitrogen,2,3,22.26666667
3531,JY,2019,Havelock,282+N-N,yes,45,No,,B2,-N,sb3,spb3,Ames 27182,NC372,No Nitrogen,2,3,26.66666667
3533,JY,2019,Havelock,282+N-N,yes,45,No,,B2,-N,sb3,spb3,PI 573098,Oh603,No Nitrogen,2,3,23.36666667
3535,JY,2019,Havelock,282+N-N,yes,45,No,,B2,-N,sb3,spb3,Ames 27194,W401,No Nitrogen,2,3,21.1
3537,JY,2019,Havelock,282+N-N,yes,45,No,,B2,-N,sb3,spb3,Ames 27176,NC360,No Nitrogen,2,3,21.23333333
3539,JY,2019,Havelock,282+N-N,yes,45,No,,B2,-N,sb3,spb3,Ames 27190,T234,No Nitrogen,2,3,22.46666667
3541,JY,2019,Havelock,282+N-N,yes,45,No,,B2,-N,sb3,spb3,PI 686066,SG18,No Nitrogen,2,3,18.06666667
3543,JY,2019,Havelock,282+N-N,yes,45,No,,B2,-N,sb4,spb1,Ames 26769,B2,No Nitrogen,2,3,
3545,JY,2019,Havelock,282+N-N,yes,45,No,,B2,-N,sb4,spb1,Ames 27114,H91,No Nitrogen,2,3,25.4
3547,JY,2019,Havelock,282+N-N,yes,45,No,,B2,-N,sb4,spb1,Ames 27066,B164,No Nitrogen,2,3,21.46666667
3549,JY,2019,Havelock,282+N-N,yes,45,No,,B2,-N,sb4,spb1,PI 550473,B73,No Nitrogen,2,3,25
3551,JY,2019,Havelock,282+N-N,yes,45,No,,B2,-N,sb4,spb1,Check,Check,No Nitrogen,2,3,21.7
3553,JY,2019,Havelock,282+N-N,yes,45,No,,B2,-N,sb4,spb1,Check,Check,No Nitrogen,2,3,19.86666667
3555,JY,2019,Havelock,282+N-N,yes,45,No,,B2,-N,sb4,spb1,PI 587142,A679,No Nitrogen,2,3,22.33333333
3557,JY,2019,Havelock,282+N-N,yes,45,No,,B2,-N,sb4,spb2,Ames 27167,NC342,No Nitrogen,2,3,27.33333333
3559,JY,2019,Havelock,282+N-N,yes,45,No,,B2,-N,sb4,spb2,PI 558532,Mo17,No Nitrogen,2,3,18.5
3561,JY,2019,Havelock,282+N-N,yes,45,No,,B2,-N,sb4,spb2,Ames 27177,NC362,No Nitrogen,2,3,
3563,JY,2019,Havelock,282+N-N,yes,45,No,,B2,-N,sb4,spb2,Ames 27160,NC328,No Nitrogen,2,3,24.2
3565,JY,2019,Havelock,282+N-N,yes,45,No,,B2,-N,sb4,spb2,Ames 27151,NC310,No Nitrogen,2,3,26.125
3567,JY,2019,Havelock,282+N-N,yes,45,No,,B2,-N,sb4,spb2,PI 583350,Mo45,No Nitrogen,2,3,23.33333333
3569,JY,2019,Havelock,282+N-N,yes,45,No,,B2,-N,sb4,spb2,Ames 27140,NC260,No Nitrogen,2,3,
3571,JY,2019,Havelock,282+N-N,yes,45,No,,B2,-N,sb4,spb3,Ames 19293,Wf9,No Nitrogen,2,3,25.58
3573,JY,2019,Havelock,282+N-N,yes,45,No,,B2,-N,sb4,spb3,PI 606768,SD40,No Nitrogen,2,3,20
3575,JY,2019,Havelock,282+N-N,yes,45,No,,B2,-N,sb4,spb3,PI 587125,CO109,No Nitrogen,2,3,20.22
3577,JY,2019,Havelock,282+N-N,yes,45,No,,B2,-N,sb4,spb3,Ames 26771,33-16,No Nitrogen,2,3,21.26666667
3579,JY,2019,Havelock,282+N-N,yes,45,No,,B2,-N,sb4,spb3,Ames 31536,A214NGoodman-Buckler,No Nitrogen,2,3,18.63333333
3581,JY,2019,Havelock,282+N-N,yes,45,No,,B2,-N,sb4,spb3,PI 592734,R229,No Nitrogen,2,3,25.2
3583,JY,2019,Havelock,282+N-N,yes,45,No,,B2,-N,sb4,spb3,Ames 27193,Va85,No Nitrogen,2,3,20.85
4001,JY,2019,Havelock,282+N-N,yes,45,No,,B2,+N,sb1,spb1,PI 550467,B37,Nitrogen,2,4,23
4003,JY,2019,Havelock,282+N-N,yes,45,No,,B2,+N,sb1,spb1,PI 550461,B14A,Nitrogen,2,4,25.15
4005,JY,2019,Havelock,282+N-N,yes,45,No,,B2,+N,sb1,spb1,NSL 30904,4226,Nitrogen,2,4,24.26666667
4007,JY,2019,Havelock,282+N-N,yes,45,No,,B2,+N,sb1,spb1,PI 564682,B97,Nitrogen,2,4,22.06666667
4009,JY,2019,Havelock,282+N-N,yes,45,No,,B2,+N,sb1,spb1,PI 550473,B73,Nitrogen,2,4,26.85
4011,JY,2019,Havelock,282+N-N,yes,45,No,,B2,+N,sb1,spb1,PI 587142,A679,Nitrogen,2,4,22.63333333
4013,JY,2019,Havelock,282+N-N,yes,45,No,,B2,+N,sb1,spb1,Check,Check,Nitrogen,2,4,21.53333333
4015,JY,2019,Havelock,282+N-N,yes,45,No,,B2,+N,sb1,spb2,Ames 27177,NC362,Nitrogen,2,4,20.11666667
4017,JY,2019,Havelock,282+N-N,yes,45,No,,B2,+N,sb1,spb2,Ames 27167,NC342,Nitrogen,2,4,23.36666667
4019,JY,2019,Havelock,282+N-N,yes,45,No,,B2,+N,sb1,spb2,Ames 27178,NC364,Nitrogen,2,4,24.93333333
4021,JY,2019,Havelock,282+N-N,yes,45,No,,B2,+N,sb1,spb2,Ames 27143,NC294,Nitrogen,2,4,22.06666667
4023,JY,2019,Havelock,282+N-N,yes,45,No,,B2,+N,sb1,spb2,Check,Check,Nitrogen,2,4,21.5
4025,JY,2019,Havelock,282+N-N,yes,45,No,,B2,+N,sb1,spb2,Ames 27140,NC260,Nitrogen,2,4,
4027,JY,2019,Havelock,282+N-N,yes,45,No,,B2,+N,sb1,spb2,Ames 27160,NC328,Nitrogen,2,4,26.7
4029,JY,2019,Havelock,282+N-N,yes,45,No,,B2,+N,sb1,spb3,Ames 19328,Va22,Nitrogen,2,4,22.03333333
4031,JY,2019,Havelock,282+N-N,yes,45,No,,B2,+N,sb1,spb3,Ames 19293,Wf9,Nitrogen,2,4,20.93333333
4033,JY,2019,Havelock,282+N-N,yes,45,No,,B2,+N,sb1,spb3,Ames 31534,CI90CGoodman-Buckler,Nitrogen,2,4,21.03333333
4035,JY,2019,Havelock,282+N-N,yes,45,No,,B2,+N,sb1,spb3,Ames 27196,Yu796_NS,Nitrogen,2,4,19.36666667
4037,JY,2019,Havelock,282+N-N,yes,45,No,,B2,+N,sb1,spb3,PI 550518,T8,Nitrogen,2,4,18.4
4039,JY,2019,Havelock,282+N-N,yes,45,No,,B2,+N,sb1,spb3,Ames 26771,33-16,Nitrogen,2,4,24.76666667
4041,JY,2019,Havelock,282+N-N,yes,45,No,,B2,+N,sb1,spb3,PI 587149,Va26,Nitrogen,2,4,
4043,JY,2019,Havelock,282+N-N,yes,45,No,,B2,+N,sb2,spb1,Ames 27097,CML323,Nitrogen,2,4,24.16666667
4045,JY,2019,Havelock,282+N-N,yes,45,No,,B2,+N,sb2,spb1,Ames 19319,H95,Nitrogen,2,4,
4047,JY,2019,Havelock,282+N-N,yes,45,No,,B2,+N,sb2,spb1,PI 608766,B79,Nitrogen,2,4,22.06666667
4049,JY,2019,Havelock,282+N-N,yes,45,No,,B2,+N,sb2,spb1,PI 606329,DE1,Nitrogen,2,4,
4051,JY,2019,Havelock,282+N-N,yes,45,No,,B2,+N,sb2,spb1,Ames 27112,F2834T,Nitrogen,2,4,19.46666667
4053,JY,2019,Havelock,282+N-N,yes,45,No,,B2,+N,sb2,spb1,Ames 19309,A635,Nitrogen,2,4,20.28333333
4055,JY,2019,Havelock,282+N-N,yes,45,No,,B2,+N,sb2,spb1,PI 594048,B105,Nitrogen,2,4,22.43333333
4057,JY,2019,Havelock,282+N-N,yes,45,No,,B2,+N,sb2,spb2,Ames 27138,N28Ht,Nitrogen,2,4,23.94
4059,JY,2019,Havelock,282+N-N,yes,45,No,,B2,+N,sb2,spb2,Ames 27158,NC324,Nitrogen,2,4,21.45
4061,JY,2019,Havelock,282+N-N,yes,45,No,,B2,+N,sb2,spb2,PI 520774,NC264,Nitrogen,2,4,
4063,JY,2019,Havelock,282+N-N,yes,45,No,,B2,+N,sb2,spb2,Ames 27175,NC358,Nitrogen,2,4,
4065,JY,2019,Havelock,282+N-N,yes,45,No,,B2,+N,sb2,spb2,Check,Check,Nitrogen,2,4,
4067,JY,2019,Havelock,282+N-N,yes,45,No,,B2,+N,sb2,spb2,PI 583351,Mo46,Nitrogen,2,4,26.13333333
4069,JY,2019,Havelock,282+N-N,yes,45,No,,B2,+N,sb2,spb2,Ames 27141,NC290A,Nitrogen,2,4,
4071,JY,2019,Havelock,282+N-N,yes,45,No,,B2,+N,sb2,spb3,Ames 27190,T234,Nitrogen,2,4,
4073,JY,2019,Havelock,282+N-N,yes,45,No,,B2,+N,sb2,spb3,Ames 8399,W117HT,Nitrogen,2,4,21.975
4075,JY,2019,Havelock,282+N-N,yes,45,No,,B2,+N,sb2,spb3,PI 587151,Va102,Nitrogen,2,4,
4077,JY,2019,Havelock,282+N-N,yes,45,No,,B2,+N,sb2,spb3,PI 686066,SG18,Nitrogen,2,4,17.775
4079,JY,2019,Havelock,282+N-N,yes,45,No,,B2,+N,sb2,spb3,Ames 19000,VaW6,Nitrogen,2,4,22.73333333
4081,JY,2019,Havelock,282+N-N,yes,45,No,,B2,+N,sb2,spb3,PI 573098,Oh603,Nitrogen,2,4,
4083,JY,2019,Havelock,282+N-N,yes,45,No,,B2,+N,sb2,spb3,PI 587150,Va35,Nitrogen,2,4,
4101,JY,2019,Havelock,282+N-N,yes,45,No,,B2,+N,sb1,spb1,PI 608765,B77,Nitrogen,2,4,21.9
4103,JY,2019,Havelock,282+N-N,yes,45,No,,B2,+N,sb1,spb1,Ames 23503,A680,Nitrogen,2,4,23.33333333
4105,JY,2019,Havelock,282+N-N,yes,45,No,,B2,+N,sb1,spb1,Check,Check,Nitrogen,2,4,21.33333333
4107,JY,2019,Havelock,282+N-N,yes,45,No,,B2,+N,sb1,spb1,PI 686059,IDS28,Nitrogen,2,4,19.225
4109,JY,2019,Havelock,282+N-N,yes,45,No,,B2,+N,sb1,spb1,PI 550469,B46,Nitrogen,2,4,23.06666667
4111,JY,2019,Havelock,282+N-N,yes,45,No,,B2,+N,sb1,spb1,Ames 27114,H91,Nitrogen,2,4,22.34
4113,JY,2019,Havelock,282+N-N,yes,45,No,,B2,+N,sb1,spb1,PI 597927,B109,Nitrogen,2,4,23.3
4115,JY,2019,Havelock,282+N-N,yes,45,No,,B2,+N,sb1,spb2,Ames 27151,NC310,Nitrogen,2,4,28.45
4117,JY,2019,Havelock,282+N-N,yes,45,No,,B2,+N,sb1,spb2,NSL 30894,R177,Nitrogen,2,4,22.2
4119,JY,2019,Havelock,282+N-N,yes,45,No,,B2,+N,sb1,spb2,Ames 27118,Il14H,Nitrogen,2,4,22.03333333
4121,JY,2019,Havelock,282+N-N,yes,45,No,,B2,+N,sb1,spb2,NSL 65873,L317,Nitrogen,2,4,23.06666667
4123,JY,2019,Havelock,282+N-N,yes,45,No,,B2,+N,sb1,spb2,Ames 27149,NC306,Nitrogen,2,4,22.83333333
4125,JY,2019,Havelock,282+N-N,yes,45,No,,B2,+N,sb1,spb2,NSL 65874,Os420,Nitrogen,2,4,27.3
4127,JY,2019,Havelock,282+N-N,yes,45,No,,B2,+N,sb1,spb2,PI 583350,Mo45,Nitrogen,2,4,22.43333333
4129,JY,2019,Havelock,282+N-N,yes,45,No,,B2,+N,sb1,spb3,Ames 27187,R4,Nitrogen,2,4,23.2
4131,JY,2019,Havelock,282+N-N,yes,45,No,,B2,+N,sb1,spb3,PI 606768,SD40,Nitrogen,2,4,22.33333333
4133,JY,2019,Havelock,282+N-N,yes,45,No,,B2,+N,sb1,spb3,Check,Check,Nitrogen,2,4,19.4
4135,JY,2019,Havelock,282+N-N,yes,45,No,,B2,+N,sb1,spb3,PI 592734,R229,Nitrogen,2,4,24.45
4137,JY,2019,Havelock,282+N-N,yes,45,No,,B2,+N,sb1,spb3,PI 587125,CO109,Nitrogen,2,4,21.16
4139,JY,2019,Havelock,282+N-N,yes,45,No,,B2,+N,sb1,spb3,Ames 28290,C49,Nitrogen,2,4,25.15
4141,JY,2019,Havelock,282+N-N,yes,45,No,,B2,+N,sb1,spb3,Ames 27193,Va85,Nitrogen,2,4,21.83333333
4143,JY,2019,Havelock,282+N-N,yes,45,No,,B2,+N,sb2,spb1,Ames 26138,CI187-2,Nitrogen,2,4,
4145,JY,2019,Havelock,282+N-N,yes,45,No,,B2,+N,sb2,spb1,Ames 27087,CML220,Nitrogen,2,4,26.4
4147,JY,2019,Havelock,282+N-N,yes,45,No,,B2,+N,sb2,spb1,Ames 27083,CML154Q,Nitrogen,2,4,29.9
4149,JY,2019,Havelock,282+N-N,yes,45,No,,B2,+N,sb2,spb1,Ames 19284,C103,Nitrogen,2,4,24.9
4151,JY,2019,Havelock,282+N-N,yes,45,No,,B2,+N,sb2,spb1,Ames 22754,K55,Nitrogen,2,4,31.3
4153,JY,2019,Havelock,282+N-N,yes,45,No,,B2,+N,sb2,spb1,PI 587131,HP301,Nitrogen,2,4,19.7
4155,JY,2019,Havelock,282+N-N,yes,45,No,,B2,+N,sb2,spb1,Check,Check,Nitrogen,2,4,21.8
4157,JY,2019,Havelock,282+N-N,yes,45,No,,B2,+N,sb2,spb2,Ames 27172,NC352,Nitrogen,2,4,21.66666667
4159,JY,2019,Havelock,282+N-N,yes,45,No,,B2,+N,sb2,spb2,Ames 27137,N6,Nitrogen,2,4,27.56666667
4161,JY,2019,Havelock,282+N-N,yes,45,No,,B2,+N,sb2,spb2,Ames 12732,NC232,Nitrogen,2,4,32.31666667
4163,JY,2019,Havelock,282+N-N,yes,45,No,,B2,+N,sb2,spb2,Ames 27260,Ki44,Nitrogen,2,4,19.46
4165,JY,2019,Havelock,282+N-N,yes,45,No,,B2,+N,sb2,spb2,Ames 27174,NC356,Nitrogen,2,4,21.3
4167,JY,2019,Havelock,282+N-N,yes,45,No,,B2,+N,sb2,spb2,Ames 27261,NC298,Nitrogen,2,4,19.56666667
4169,JY,2019,Havelock,282+N-N,yes,45,No,,B2,+N,sb2,spb2,Ames 27164,NC336,Nitrogen,2,4,23.025
4171,JY,2019,Havelock,282+N-N,yes,45,No,,B2,+N,sb2,spb3,Ames 27176,NC360,Nitrogen,2,4,22.83333333
4173,JY,2019,Havelock,282+N-N,yes,45,No,,B2,+N,sb2,spb3,Ames 27182,NC372,Nitrogen,2,4,26.63333333
4175,JY,2019,Havelock,282+N-N,yes,45,No,,B2,+N,sb2,spb3,Check,Check,Nitrogen,2,4,20.06666667
4177,JY,2019,Havelock,282+N-N,yes,45,No,,B2,+N,sb2,spb3,PI 686065,SA24,Nitrogen,2,4,18.74
4179,JY,2019,Havelock,282+N-N,yes,45,No,,B2,+N,sb2,spb3,PI 587152,W64A,Nitrogen,2,4,26.2
4181,JY,2019,Havelock,282+N-N,yes,45,No,,B2,+N,sb2,spb3,Ames 27194,W401,Nitrogen,2,4,21.56
4183,JY,2019,Havelock,282+N-N,yes,45,No,,B2,+N,sb2,spb3,Ames 27183,Oh43E,Nitrogen,2,4,21.56666667
4201,JY,2019,Havelock,282+N-N,yes,45,No,,B2,+N,sb1,spb1,Ames 27065,B73Htrhm,Nitrogen,2,4,25.46666667
4203,JY,2019,Havelock,282+N-N,yes,45,No,,B2,+N,sb1,spb1,Ames 27069,CH701-30,Nitrogen,2,4,18.06666667
4205,JY,2019,Havelock,282+N-N,yes,45,No,,B2,+N,sb1,spb1,PI 608767,B84,Nitrogen,2,4,24.55
4207,JY,2019,Havelock,282+N-N,yes,45,No,,B2,+N,sb1,spb1,Check,Check,Nitrogen,2,4,
4209,JY,2019,Havelock,282+N-N,yes,45,No,,B2,+N,sb1,spb1,Ames 27066,B164,Nitrogen,2,4,22.85
4211,JY,2019,Havelock,282+N-N,yes,45,No,,B2,+N,sb1,spb1,Ames 26769,B2,Nitrogen,2,4,20.53333333
4213,JY,2019,Havelock,282+N-N,yes,45,No,,B2,+N,sb1,spb1,PI 587140,A632,Nitrogen,2,4,23.51666667
4215,JY,2019,Havelock,282+N-N,yes,45,No,,B2,+N,sb1,spb2,PI 517974,Pa880,Nitrogen,2,4,26.46666667
4217,JY,2019,Havelock,282+N-N,yes,45,No,,B2,+N,sb1,spb2,NSL 28966,Oh40B,Nitrogen,2,4,22.26666667
4219,JY,2019,Havelock,282+N-N,yes,45,No,,B2,+N,sb1,spb2,Ames 28939,Mo44,Nitrogen,2,4,22.3
4221,JY,2019,Havelock,282+N-N,yes,45,No,,B2,+N,sb1,spb2,Ames 27180,NC368,Nitrogen,2,4,24.8
4223,JY,2019,Havelock,282+N-N,yes,45,No,,B2,+N,sb1,spb2,Ames 27159,NC326,Nitrogen,2,4,28.6
4225,JY,2019,Havelock,282+N-N,yes,45,No,,B2,+N,sb1,spb2,PI 558532,Mo17,Nitrogen,2,4,20.26666667
4227,JY,2019,Havelock,282+N-N,yes,45,No,,B2,+N,sb1,spb2,Ames 27168,NC344,Nitrogen,2,4,23.43333333
4229,JY,2019,Havelock,282+N-N,yes,45,No,,B2,+N,sb1,spb3,Ames 31536,A214NGoodman-Buckler,Nitrogen,2,4,21.96666667
4231,JY,2019,Havelock,282+N-N,yes,45,No,,B2,+N,sb1,spb3,CIze 44,CI44,Nitrogen,2,4,22
4233,JY,2019,Havelock,282+N-N,yes,45,No,,B2,+N,sb1,spb3,Ames 28367,CI7Goodman-Buckler,Nitrogen,2,4,22.23333333
4235,JY,2019,Havelock,282+N-N,yes,45,No,,B2,+N,sb1,spb3,PI 587132,Sg1533,Nitrogen,2,4,19.23333333
4237,JY,2019,Havelock,282+N-N,yes,45,No,,B2,+N,sb1,spb3,Ames 24989,Va99,Nitrogen,2,4,21.86666667
4239,JY,2019,Havelock,282+N-N,yes,45,No,,B2,+N,sb1,spb3,Check,Check,Nitrogen,2,4,20.16666667
4241,JY,2019,Havelock,282+N-N,yes,45,No,,B2,+N,sb1,spb3,Ames 31535,38-11Goodman-Buckler,Nitrogen,2,4,23.46666667
4243,JY,2019,Havelock,282+N-N,yes,45,No,,B2,+N,sb2,spb1,PI 550472,B57,Nitrogen,2,4,24.6
4245,JY,2019,Havelock,282+N-N,yes,45,No,,B2,+N,sb2,spb1,Check,Check,Nitrogen,2,4,21.7
4247,JY,2019,Havelock,282+N-N,yes,45,No,,B2,+N,sb2,spb1,Ames 22440,CI90C,Nitrogen,2,4,19.725
4249,JY,2019,Havelock,282+N-N,yes,45,No,,B2,+N,sb2,spb1,Ames 21512,CI31A,Nitrogen,2,4,
4251,JY,2019,Havelock,282+N-N,yes,45,No,,B2,+N,sb2,spb1,PI 594047,B104,Nitrogen,2,4,
4253,JY,2019,Havelock,282+N-N,yes,45,No,,B2,+N,sb2,spb1,PI 587128,H84,Nitrogen,2,4,
4255,JY,2019,Havelock,282+N-N,yes,45,No,,B2,+N,sb2,spb1,Check,Check,Nitrogen,2,4,
4257,JY,2019,Havelock,282+N-N,yes,45,No,,B2,+N,sb2,spb2,Ames 28366,N7A,Nitrogen,2,4,23.6
4259,JY,2019,Havelock,282+N-N,yes,45,No,,B2,+N,sb2,spb2,PI 550555,NC250,Nitrogen,2,4,
4261,JY,2019,Havelock,282+N-N,yes,45,No,,B2,+N,sb2,spb2,PI 543916,Mp339,Nitrogen,2,4,
4263,JY,2019,Havelock,282+N-N,yes,45,No,,B2,+N,sb2,spb2,Ames 27124,Ki11,Nitrogen,2,4,29.9
4265,JY,2019,Havelock,282+N-N,yes,45,No,,B2,+N,sb2,spb2,Ames 12731,NC230,Nitrogen,2,4,
4267,JY,2019,Havelock,282+N-N,yes,45,No,,B2,+N,sb2,spb2,Check,Check,Nitrogen,2,4,20.4
4269,JY,2019,Havelock,282+N-N,yes,45,No,,B2,+N,sb2,spb2,Ames 27147,NC302,Nitrogen,2,4,18.9
4271,JY,2019,Havelock,282+N-N,yes,45,No,,B2,+N,sb2,spb3,NSL 53094,SC357,Nitrogen,2,4,20.61666667
4273,JY,2019,Havelock,282+N-N,yes,45,No,,B2,+N,sb2,spb3,Check,Check,Nitrogen,2,4,19.9
4275,JY,2019,Havelock,282+N-N,yes,45,No,,B2,+N,sb2,spb3,Ames 27184,Pa762,Nitrogen,2,4,23.4
4277,JY,2019,Havelock,282+N-N,yes,45,No,,B2,+N,sb2,spb3,Ames 27185,Pa875,Nitrogen,2,4,23.31666667
4279,JY,2019,Havelock,282+N-N,yes,45,No,,B2,+N,sb2,spb3,Ames 27181,NC370,Nitrogen,2,4,18.9
4281,JY,2019,Havelock,282+N-N,yes,45,No,,B2,+N,sb2,spb3,NSL 30053,W22,Nitrogen,2,4,24.41666667
4283,JY,2019,Havelock,282+N-N,yes,45,No,,B2,+N,sb2,spb3,Ames 19323,Oh7B,Nitrogen,2,4,
4301,JY,2019,Havelock,282+N-N,yes,45,No,,B2,+N,sb3,spb1,Check,Check,Nitrogen,2,4,18.63333333
4303,JY,2019,Havelock,282+N-N,yes,45,No,,B2,+N,sb3,spb1,Check,Check,Nitrogen,2,4,20.16666667
4305,JY,2019,Havelock,282+N-N,yes,45,No,,B2,+N,sb3,spb1,Ames 26604,38-11,Nitrogen,2,4,20.1
4307,JY,2019,Havelock,282+N-N,yes,45,No,,B2,+N,sb3,spb1,Check,Check,Nitrogen,2,4,20.55
4309,JY,2019,Havelock,282+N-N,yes,45,No,,B2,+N,sb3,spb1,Ames 27081,CML103,Nitrogen,2,4,25.43333333
4311,JY,2019,Havelock,282+N-N,yes,45,No,,B2,+N,sb3,spb1,Ames 27085,CML158Q,Nitrogen,2,4,28.38333333
4313,JY,2019,Havelock,282+N-N,yes,45,No,,B2,+N,sb3,spb1,PI 550465,B68,Nitrogen,2,4,22.63333333
4315,JY,2019,Havelock,282+N-N,yes,45,No,,B2,+N,sb3,spb2,Ames 27133,M37W,Nitrogen,2,4,24.3
4317,JY,2019,Havelock,282+N-N,yes,45,No,,B2,+N,sb3,spb2,Check,Check,Nitrogen,2,4,22.22
4319,JY,2019,Havelock,282+N-N,yes,45,No,,B2,+N,sb3,spb2,Ames 10248,GA209,Nitrogen,2,4,18.93333333
4321,JY,2019,Havelock,282+N-N,yes,45,No,,B2,+N,sb3,spb2,PI 587144,Mo24W,Nitrogen,2,4,31.26
4323,JY,2019,Havelock,282+N-N,yes,45,No,,B2,+N,sb3,spb2,Ames 12729,NC222,Nitrogen,2,4,
4325,JY,2019,Havelock,282+N-N,yes,45,No,,B2,+N,sb3,spb2,Ames 27155,NC318,Nitrogen,2,4,17.16666667
4327,JY,2019,Havelock,282+N-N,yes,45,No,,B2,+N,sb3,spb2,Check,Check,Nitrogen,2,4,21.93333333
4329,JY,2019,Havelock,282+N-N,yes,45,No,,B2,+N,sb3,spb3,PI 506247,Tzi9,Nitrogen,2,4,22.33333333
4331,JY,2019,Havelock,282+N-N,yes,45,No,,B2,+N,sb3,spb3,Ames 27189,SC55,Nitrogen,2,4,24.05
4333,JY,2019,Havelock,282+N-N,yes,45,No,,B2,+N,sb3,spb3,Check,Check,Nitrogen,2,4,21.63333333
4335,JY,2019,Havelock,282+N-N,yes,45,No,,B2,+N,sb3,spb3,PI 257506,F2,Nitrogen,2,4,21.7
4337,JY,2019,Havelock,282+N-N,yes,45,No,,B2,+N,sb3,spb3,Ames 22748,H100,Nitrogen,2,4,24.13333333
4339,JY,2019,Havelock,282+N-N,yes,45,No,,B2,+N,sb3,spb3,PI 506255,Tzi25,Nitrogen,2,4,20.13333333
4341,JY,2019,Havelock,282+N-N,yes,45,No,,B2,+N,sb3,spb3,Ames 27129,KUI2021,Nitrogen,2,4,28.83333333
4343,JY,2019,Havelock,282+N-N,yes,45,No,,B2,+N,sb4,spb1,Ames 23405,A239,Nitrogen,2,4,22.63333333
4345,JY,2019,Havelock,282+N-N,yes,45,No,,B2,+N,sb4,spb1,PI 587141,A654,Nitrogen,2,4,23.61666667
4347,JY,2019,Havelock,282+N-N,yes,45,No,,B2,+N,sb4,spb1,Ames 22443,A188,Nitrogen,2,4,
4349,JY,2019,Havelock,282+N-N,yes,45,No,,B2,+N,sb4,spb1,PI 587139,A619,Nitrogen,2,4,
4351,JY,2019,Havelock,282+N-N,yes,45,No,,B2,+N,sb4,spb1,PI 608774,B75,Nitrogen,2,4,23.73333333
4353,JY,2019,Havelock,282+N-N,yes,45,No,,B2,+N,sb4,spb1,Ames 27068,CH9,Nitrogen,2,4,26.675
4355,JY,2019,Havelock,282+N-N,yes,45,No,,B2,+N,sb4,spb1,PI 587143,A682,Nitrogen,2,4,20.425
4357,JY,2019,Havelock,282+N-N,yes,45,No,,B2,+N,sb4,spb2,PI 686057,I29,Nitrogen,2,4,
4359,JY,2019,Havelock,282+N-N,yes,45,No,,B2,+N,sb4,spb2,Ames 27104,CMV3,Nitrogen,2,4,22.66666667
4361,JY,2019,Havelock,282+N-N,yes,45,No,,B2,+N,sb4,spb2,Ames 27106,CO125,Nitrogen,2,4,21.4
4363,JY,2019,Havelock,282+N-N,yes,45,No,,B2,+N,sb4,spb2,PI 587127,H105W,Nitrogen,2,4,31.46666667
4365,JY,2019,Havelock,282+N-N,yes,45,No,,B2,+N,sb4,spb2,Ames 24752,MS1334,Nitrogen,2,4,20.23333333
4367,JY,2019,Havelock,282+N-N,yes,45,No,,B2,+N,sb4,spb2,PI 686063,IDS91,Nitrogen,2,4,17.53333333
4369,JY,2019,Havelock,282+N-N,yes,45,No,,B2,+N,sb4,spb2,NSL 30867,M14,Nitrogen,2,4,22.925
4371,JY,2019,Havelock,282+N-N,yes,45,No,,B2,+N,sb4,spb3,Ames 19326,R168,Nitrogen,2,4,18.26666667
4373,JY,2019,Havelock,282+N-N,yes,45,No,,B2,+N,sb4,spb3,Ames 27150,NC308,Nitrogen,2,4,22.8
4375,JY,2019,Havelock,282+N-N,yes,45,No,,B2,+N,sb4,spb3,PI 550490,ND246,Nitrogen,2,4,19.3
4377,JY,2019,Havelock,282+N-N,yes,45,No,,B2,+N,sb4,spb3,Ames 28186,P39,Nitrogen,2,4,
4379,JY,2019,Havelock,282+N-N,yes,45,No,,B2,+N,sb4,spb3,Ames 19330,W182B,Nitrogen,2,4,19.1
4381,JY,2019,Havelock,282+N-N,yes,45,No,,B2,+N,sb4,spb3,Ames 27162,NC332,Nitrogen,2,4,26.3
4383,JY,2019,Havelock,282+N-N,yes,45,No,,B2,+N,sb4,spb3,PI 587154,W153R,Nitrogen,2,4,22.36
4401,JY,2019,Havelock,282+N-N,yes,45,No,,B2,+N,sb3,spb1,Check,Check,Nitrogen,2,4,19.55
4403,JY,2019,Havelock,282+N-N,yes,45,No,,B2,+N,sb3,spb1,Check,Check,Nitrogen,2,4,19.86666667
4405,JY,2019,Havelock,282+N-N,yes,45,No,,B2,+N,sb3,spb1,Ames 27101,CML333,Nitrogen,2,4,17.4
4407,JY,2019,Havelock,282+N-N,yes,45,No,,B2,+N,sb3,spb1,Check,Check,Nitrogen,2,4,20.56666667
4409,JY,2019,Havelock,282+N-N,yes,45,No,,B2,+N,sb3,spb1,Check,Check,Nitrogen,2,4,21.26666667
4411,JY,2019,Havelock,282+N-N,yes,45,No,,B2,+N,sb3,spb1,Ames 27086,CML218,Nitrogen,2,4,22.83333333
4413,JY,2019,Havelock,282+N-N,yes,45,No,,B2,+N,sb3,spb1,Check,Check,Nitrogen,2,4,21.53333333
4415,JY,2019,Havelock,282+N-N,yes,45,No,,B2,+N,sb3,spb2,Ames 27169,NC346,Nitrogen,2,4,19.3
4417,JY,2019,Havelock,282+N-N,yes,45,No,,B2,+N,sb3,spb2,Ames 28184,CML69,Nitrogen,2,4,18.83333333
4419,JY,2019,Havelock,282+N-N,yes,45,No,,B2,+N,sb3,spb2,Ames 27110,E2558W,Nitrogen,2,4,
4421,JY,2019,Havelock,282+N-N,yes,45,No,,B2,+N,sb3,spb2,Ames 27165,NC338,Nitrogen,2,4,24.9
4423,JY,2019,Havelock,282+N-N,yes,45,No,,B2,+N,sb3,spb2,NSL 30038,K4,Nitrogen,2,4,18.93333333
4425,JY,2019,Havelock,282+N-N,yes,45,No,,B2,+N,sb3,spb2,NSL 22893,F44,Nitrogen,2,4,19.31666667
4427,JY,2019,Havelock,282+N-N,yes,45,No,,B2,+N,sb3,spb2,Ames 27166,NC340,Nitrogen,2,4,24.4
4429,JY,2019,Havelock,282+N-N,yes,45,No,,B2,+N,sb3,spb3,PI 558520,Mo1W,Nitrogen,2,4,23.5
4431,JY,2019,Havelock,282+N-N,yes,45,No,,B2,+N,sb3,spb3,Ames 26808,Ill.Hy,Nitrogen,2,4,28.76666667
4433,JY,2019,Havelock,282+N-N,yes,45,No,,B2,+N,sb3,spb3,Check,Check,Nitrogen,2,4,20.1
4435,JY,2019,Havelock,282+N-N,yes,45,No,,B2,+N,sb3,spb3,Ames 27131,Ky226,Nitrogen,2,4,22.83333333
4437,JY,2019,Havelock,282+N-N,yes,45,No,,B2,+N,sb3,spb3,Ames 27179,NC366,Nitrogen,2,4,21.06666667
4439,JY,2019,Havelock,282+N-N,yes,45,No,,B2,+N,sb3,spb3,PI 606330,DE2,Nitrogen,2,4,25.775
4441,JY,2019,Havelock,282+N-N,yes,45,No,,B2,+N,sb3,spb3,PI 506253,Tzi18,Nitrogen,2,4,28.53333333
4443,JY,2019,Havelock,282+N-N,yes,45,No,,B2,+N,sb4,spb1,PI 587124,CM105,Nitrogen,2,4,26.73333333
4445,JY,2019,Havelock,282+N-N,yes,45,No,,B2,+N,sb4,spb1,PI 550440,B64,Nitrogen,2,4,19.26666667
4447,JY,2019,Havelock,282+N-N,yes,45,No,,B2,+N,sb4,spb1,PI 594046,B103,Nitrogen,2,4,22.4
4449,JY,2019,Havelock,282+N-N,yes,45,No,,B2,+N,sb4,spb1,Ames 27067,C49A,Nitrogen,2,4,25.5
4451,JY,2019,Havelock,282+N-N,yes,45,No,,B2,+N,sb4,spb1,Check,Check,Nitrogen,2,4,21.06666667
4453,JY,2019,Havelock,282+N-N,yes,45,No,,B2,+N,sb4,spb1,PI 607521,A661,Nitrogen,2,4,19.96666667
4455,JY,2019,Havelock,282+N-N,yes,45,No,,B2,+N,sb4,spb1,Ames 19313,C123,Nitrogen,2,4,
4457,JY,2019,Havelock,282+N-N,yes,45,No,,B2,+N,sb4,spb2,Ames 24734,MS153,Nitrogen,2,4,25.525
4459,JY,2019,Havelock,282+N-N,yes,45,No,,B2,+N,sb4,spb2,Check,Check,Nitrogen,2,4,21.5
4461,JY,2019,Havelock,282+N-N,yes,45,No,,B2,+N,sb4,spb2,Ames 20190,CM37,Nitrogen,2,4,21.53333333
4463,JY,2019,Havelock,282+N-N,yes,45,No,,B2,+N,sb4,spb2,PI 583352,Mo47,Nitrogen,2,4,23.03333333
4465,JY,2019,Havelock,282+N-N,yes,45,No,,B2,+N,sb4,spb2,Ames 27135,MEF156-55-2,Nitrogen,2,4,
4467,JY,2019,Havelock,282+N-N,yes,45,No,,B2,+N,sb4,spb2,Ames 27105,CO106,Nitrogen,2,4,25.2
4469,JY,2019,Havelock,282+N-N,yes,45,No,,B2,+N,sb4,spb2,Ames 28364,IA2132,Nitrogen,2,4,23.9
4471,JY,2019,Havelock,282+N-N,yes,45,No,,B2,+N,sb4,spb3,Ames 19288,Oh43,Nitrogen,2,4,24.6
4473,JY,2019,Havelock,282+N-N,yes,45,No,,B2,+N,sb4,spb3,Check,Check,Nitrogen,2,4,19.33333333
4475,JY,2019,Havelock,282+N-N,yes,45,No,,B2,+N,sb4,spb3,Ames 27161,NC330,Nitrogen,2,4,24.25
4477,JY,2019,Havelock,282+N-N,yes,45,No,,B2,+N,sb4,spb3,Ames 27163,NC334,Nitrogen,2,4,18.6
4479,JY,2019,Havelock,282+N-N,yes,45,No,,B2,+N,sb4,spb3,PI 587145,NC268,Nitrogen,2,4,21.3
4481,JY,2019,Havelock,282+N-N,yes,45,No,,B2,+N,sb4,spb3,Ames 27154,NC316,Nitrogen,2,4,20.04
4483,JY,2019,Havelock,282+N-N,yes,45,No,,B2,+N,sb4,spb3,Ames 19016,Va59,Nitrogen,2,4,21.66
4501,JY,2019,Havelock,282+N-N,yes,45,No,,B2,+N,sb3,spb1,Check,Check,Nitrogen,2,4,18.83333333
4503,JY,2019,Havelock,282+N-N,yes,45,No,,B2,+N,sb3,spb1,Ames 27095,CML321,Nitrogen,2,4,
4505,JY,2019,Havelock,282+N-N,yes,45,No,,B2,+N,sb3,spb1,Check,Check,Nitrogen,2,4,
4507,JY,2019,Havelock,282+N-N,yes,45,No,,B2,+N,sb3,spb1,PI 406112,A214N,Nitrogen,2,4,
4509,JY,2019,Havelock,282+N-N,yes,45,No,,B2,+N,sb3,spb1,Check,Check,Nitrogen,2,4,
4511,JY,2019,Havelock,282+N-N,yes,45,No,,B2,+N,sb3,spb1,Ames 27096,CML322,Nitrogen,2,4,18.6
4513,JY,2019,Havelock,282+N-N,yes,45,No,,B2,+N,sb3,spb1,PI 587130,4722,Nitrogen,2,4,21.2
4515,JY,2019,Havelock,282+N-N,yes,45,No,,B2,+N,sb3,spb2,Ames 27144,NC296,Nitrogen,2,4,20.65
4517,JY,2019,Havelock,282+N-N,yes,45,No,,B2,+N,sb3,spb2,Check,Check,Nitrogen,2,4,
4519,JY,2019,Havelock,282+N-N,yes,45,No,,B2,+N,sb3,spb2,Ames 27121,K64,Nitrogen,2,4,25.64
4521,JY,2019,Havelock,282+N-N,yes,45,No,,B2,+N,sb3,spb2,PI 531084,NC258,Nitrogen,2,4,24.1
4523,JY,2019,Havelock,282+N-N,yes,45,No,,B2,+N,sb3,spb2,Ames 27134,M162W,Nitrogen,2,4,
4525,JY,2019,Havelock,282+N-N,yes,45,No,,B2,+N,sb3,spb2,PI 550558,DE811,Nitrogen,2,4,23.4
4527,JY,2019,Havelock,282+N-N,yes,45,No,,B2,+N,sb3,spb2,Ames 27156,NC320,Nitrogen,2,4,
4529,JY,2019,Havelock,282+N-N,yes,45,No,,B2,+N,sb3,spb3,PI 506246,Tzi8,Nitrogen,2,4,20.15
4531,JY,2019,Havelock,282+N-N,yes,45,No,,B2,+N,sb3,spb3,PI 540745,Tzi11,Nitrogen,2,4,20.15
4533,JY,2019,Havelock,282+N-N,yes,45,No,,B2,+N,sb3,spb3,PI 587147,Pa91,Nitrogen,2,4,
4535,JY,2019,Havelock,282+N-N,yes,45,No,,B2,+N,sb3,spb3,Ames 27119,Il101T,Nitrogen,2,4,19.7
4537,JY,2019,Havelock,282+N-N,yes,45,No,,B2,+N,sb3,spb3,PI 550522,T232,Nitrogen,2,4,21
4539,JY,2019,Havelock,282+N-N,yes,45,No,,B2,+N,sb3,spb3,Check,Check,Nitrogen,2,4,22
4541,JY,2019,Havelock,282+N-N,yes,45,No,,B2,+N,sb3,spb3,Check,Check,Nitrogen,2,4,
4543,JY,2019,Havelock,282+N-N,yes,45,No,,B2,+N,sb4,spb1,NSL 81599,A659,Nitrogen,2,4,
4545,JY,2019,Havelock,282+N-N,yes,45,No,,B2,+N,sb4,spb1,Ames 19316,CM174,Nitrogen,2,4,
4547,JY,2019,Havelock,282+N-N,yes,45,No,,B2,+N,sb4,spb1,Ames 23450,A556,Nitrogen,2,4,23.1
4549,JY,2019,Havelock,282+N-N,yes,45,No,,B2,+N,sb4,spb1,PI 587138,A554,Nitrogen,2,4,21.9
4551,JY,2019,Havelock,282+N-N,yes,45,No,,B2,+N,sb4,spb1,Ames 19308,A634,Nitrogen,2,4,24.475
4553,JY,2019,Havelock,282+N-N,yes,45,No,,B2,+N,sb4,spb1,PI 550483,B76,Nitrogen,2,4,
4555,JY,2019,Havelock,282+N-N,yes,45,No,,B2,+N,sb4,spb1,Ames 19311,A641,Nitrogen,2,4,
4557,JY,2019,Havelock,282+N-N,yes,45,No,,B2,+N,sb4,spb2,Check,Check,Nitrogen,2,4,21.83333333
4559,JY,2019,Havelock,282+N-N,yes,45,No,,B2,+N,sb4,spb2,Ames 27070,CM7,Nitrogen,2,4,18.9
4561,JY,2019,Havelock,282+N-N,yes,45,No,,B2,+N,sb4,spb2,PI 587129,H99,Nitrogen,2,4,17.83333333
4563,JY,2019,Havelock,282+N-N,yes,45,No,,B2,+N,sb4,spb2,Ames 20140,Mt42,Nitrogen,2,4,21.93333333
4565,JY,2019,Havelock,282+N-N,yes,45,No,,B2,+N,sb4,spb2,Ames 27111,EP1,Nitrogen,2,4,20.95
4567,JY,2019,Havelock,282+N-N,yes,45,No,,B2,+N,sb4,spb2,PI 257507,F7,Nitrogen,2,4,19.04
4569,JY,2019,Havelock,282+N-N,yes,45,No,,B2,+N,sb4,spb2,Ames 27107,CO255,Nitrogen,2,4,
4571,JY,2019,Havelock,282+N-N,yes,45,No,,B2,+N,sb4,spb3,Check,Check,Nitrogen,2,4,21.3
4573,JY,2019,Havelock,282+N-N,yes,45,No,,B2,+N,sb4,spb3,PI 550566,N192,Nitrogen,2,4,24.25
4575,JY,2019,Havelock,282+N-N,yes,45,No,,B2,+N,sb4,spb3,Ames 27152,NC312,Nitrogen,2,4,22.4
4577,JY,2019,Havelock,282+N-N,yes,45,No,,B2,+N,sb4,spb3,Ames 27142,NC292,Nitrogen,2,4,28.25
4579,JY,2019,Havelock,282+N-N,yes,45,No,,B2,+N,sb4,spb3,PI 524969,SD44,Nitrogen,2,4,26.325
4581,JY,2019,Havelock,282+N-N,yes,45,No,,B2,+N,sb4,spb3,Check,Check,Nitrogen,2,4,19.7
4583,JY,2019,Havelock,282+N-N,yes,45,No,,B2,+N,sb4,spb3,PI 531085,NC262,Nitrogen,2,4,18.03333333